RunDesignationLookUpID,RunDesignation,LookupDate,MinLength1,MaxLength1,MinLength2,MaxLength2,s_ColLineage,s_Generation,s_Lineage
{F5EAE7F7-6FA4-11D3-9889-00C04FF8FAEB},F,01/01,0,41,203,270,,1,
{F5EAE7F8-6FA4-11D3-9889-00C04FF8FAEB},F,01/02,0,41,204,270,,1,
{F5EAE7F9-6FA4-11D3-9889-00C04FF8FAEB},F,01/03,0,41,206,270,,1,
{F5EAE7FA-6FA4-11D3-9889-00C04FF8FAEB},F,01/04,0,41,207,270,,1,
{F5EAE7FB-6FA4-11D3-9889-00C04FF8FAEB},F,01/05,0,42,208,270,,1,
{F5EAE7FC-6FA4-11D3-9889-00C04FF8FAEB},F,01/06,0,42,210,270,,1,
{F5EAE7FD-6FA4-11D3-9889-00C04FF8FAEB},F,01/07,0,42,211,270,,1,
{F5EAE7FE-6FA4-11D3-9889-00C04FF8FAEB},F,01/08,0,43,212,270,,1,
{F5EAE7FF-6FA4-11D3-9889-00C04FF8FAEB},F,01/09,0,43,214,270,,1,
{F5EAE800-6FA4-11D3-9889-00C04FF8FAEB},F,01/10,0,43,215,270,,1,
{F5EAE801-6FA4-11D3-9889-00C04FF8FAEB},F,01/11,0,43,217,270,,1,
{F5EAE802-6FA4-11D3-9889-00C04FF8FAEB},F,01/12,0,44,218,270,,1,
{F5EAE803-6FA4-11D3-9889-00C04FF8FAEB},F,01/13,0,44,219,270,,1,
{F5EAE804-6FA4-11D3-9889-00C04FF8FAEB},F,01/14,0,44,221,270,,1,
{F5EAE805-6FA4-11D3-9889-00C04FF8FAEB},F,01/15,0,45,222,270,,1,
{F5EAE806-6FA4-11D3-9889-00C04FF8FAEB},F,01/16,0,45,224,270,,1,
{F5EAE807-6FA4-11D3-9889-00C04FF8FAEB},F,01/17,0,45,225,270,,1,
{F5EAE808-6FA4-11D3-9889-00C04FF8FAEB},F,01/18,0,45,227,270,,1,
{F5EAE809-6FA4-11D3-9889-00C04FF8FAEB},F,01/19,0,46,228,270,,1,
{F5EAE80A-6FA4-11D3-9889-00C04FF8FAEB},F,01/20,0,46,230,270,,1,
{F5EAE80B-6FA4-11D3-9889-00C04FF8FAEB},F,01/21,0,46,231,270,,1,
{F5EAE80C-6FA4-11D3-9889-00C04FF8FAEB},F,01/22,0,47,233,270,,1,
{F5EAE80D-6FA4-11D3-9889-00C04FF8FAEB},F,01/23,0,47,234,270,,1,
{F5EAE80E-6FA4-11D3-9889-00C04FF8FAEB},F,01/24,0,47,236,270,,1,
{F5EAE80F-6FA4-11D3-9889-00C04FF8FAEB},F,01/25,0,48,237,270,,1,
{F5EAE810-6FA4-11D3-9889-00C04FF8FAEB},F,01/26,0,48,239,270,,1,
{F5EAE811-6FA4-11D3-9889-00C04FF8FAEB},F,01/27,0,48,240,270,,1,
{F5EAE812-6FA4-11D3-9889-00C04FF8FAEB},F,01/28,0,49,242,270,,1,
{F5EAE813-6FA4-11D3-9889-00C04FF8FAEB},F,01/29,0,49,244,270,,1,
{F5EAE814-6FA4-11D3-9889-00C04FF8FAEB},F,01/30,0,49,245,270,,1,
{F5EAE815-6FA4-11D3-9889-00C04FF8FAEB},F,01/31,0,50,247,270,,1,
{F5EAE816-6FA4-11D3-9889-00C04FF8FAEB},F,02/01,0,50,248,270,,1,
{F5EAE817-6FA4-11D3-9889-00C04FF8FAEB},F,02/02,0,50,250,270,,1,
{F5EAE818-6FA4-11D3-9889-00C04FF8FAEB},F,02/03,0,50,252,270,,1,
{F5EAE819-6FA4-11D3-9889-00C04FF8FAEB},F,02/04,0,51,253,270,,1,
{F5EAE81A-6FA4-11D3-9889-00C04FF8FAEB},F,02/05,0,51,255,270,,1,
{F5EAE81B-6FA4-11D3-9889-00C04FF8FAEB},F,02/06,0,51,257,270,,1,
{F5EAE81C-6FA4-11D3-9889-00C04FF8FAEB},F,02/07,0,52,258,270,,1,
{F5EAE81D-6FA4-11D3-9889-00C04FF8FAEB},F,02/08,0,52,260,270,,1,
{F5EAE81E-6FA4-11D3-9889-00C04FF8FAEB},F,02/09,0,53,262,270,,1,
{F5EAE81F-6FA4-11D3-9889-00C04FF8FAEB},F,02/10,0,53,263,270,,1,
{F5EAE820-6FA4-11D3-9889-00C04FF8FAEB},F,02/11,0,53,265,270,,1,
{F5EAE821-6FA4-11D3-9889-00C04FF8FAEB},F,02/12,0,54,267,270,,1,
{F5EAE822-6FA4-11D3-9889-00C04FF8FAEB},F,02/13,0,54,269,270,,1,
{F5EAE823-6FA4-11D3-9889-00C04FF8FAEB},F,02/14,0,54,270,270,,1,
{F5EAE824-6FA4-11D3-9889-00C04FF8FAEB},F,02/15,0,55,270,271,,1,
{F5EAE825-6FA4-11D3-9889-00C04FF8FAEB},F,02/16,0,55,0,0,,1,
{F5EAE826-6FA4-11D3-9889-00C04FF8FAEB},F,02/17,0,55,0,0,,1,
{F5EAE827-6FA4-11D3-9889-00C04FF8FAEB},F,02/18,0,56,0,0,,1,
{F5EAE828-6FA4-11D3-9889-00C04FF8FAEB},F,02/19,0,56,0,0,,1,
{F5EAE829-6FA4-11D3-9889-00C04FF8FAEB},F,02/20,0,56,0,0,,1,
{F5EAE82A-6FA4-11D3-9889-00C04FF8FAEB},F,02/21,0,57,0,0,,1,
{F5EAE82B-6FA4-11D3-9889-00C04FF8FAEB},F,02/22,0,57,0,0,,1,
{F5EAE82C-6FA4-11D3-9889-00C04FF8FAEB},F,02/23,0,58,0,0,,1,
{F5EAE82D-6FA4-11D3-9889-00C04FF8FAEB},F,02/24,0,58,0,0,,1,
{F5EAE82E-6FA4-11D3-9889-00C04FF8FAEB},F,02/25,0,58,0,0,,1,
{F5EAE82F-6FA4-11D3-9889-00C04FF8FAEB},F,02/26,0,59,0,0,,1,
{F5EAE830-6FA4-11D3-9889-00C04FF8FAEB},F,02/27,0,59,0,0,,1,
{F5EAE831-6FA4-11D3-9889-00C04FF8FAEB},F,02/28,0,59,0,0,,1,
{F5EAE832-6FA4-11D3-9889-00C04FF8FAEB},F,02/29,0,60,0,0,,1,
{F5EAE833-6FA4-11D3-9889-00C04FF8FAEB},F,03/01,0,60,0,0,,1,
{F5EAE834-6FA4-11D3-9889-00C04FF8FAEB},F,03/02,0,61,0,0,,1,
{F5EAE835-6FA4-11D3-9889-00C04FF8FAEB},F,03/03,0,61,0,0,,1,
{F5EAE836-6FA4-11D3-9889-00C04FF8FAEB},F,03/04,0,61,0,0,,1,
{F5EAE837-6FA4-11D3-9889-00C04FF8FAEB},F,03/05,0,62,0,0,,1,
{F5EAE838-6FA4-11D3-9889-00C04FF8FAEB},F,03/06,0,62,0,0,,1,
{F5EAE839-6FA4-11D3-9889-00C04FF8FAEB},F,03/07,0,63,0,0,,1,
{F5EAE83A-6FA4-11D3-9889-00C04FF8FAEB},F,03/08,0,63,0,0,,1,
{F5EAE83B-6FA4-11D3-9889-00C04FF8FAEB},F,03/09,0,64,0,0,,1,
{F5EAE83C-6FA4-11D3-9889-00C04FF8FAEB},F,03/10,0,64,0,0,,1,
{F5EAE83D-6FA4-11D3-9889-00C04FF8FAEB},F,03/11,0,64,0,0,,1,
{F5EAE83E-6FA4-11D3-9889-00C04FF8FAEB},F,03/12,0,65,0,0,,1,
{F5EAE83F-6FA4-11D3-9889-00C04FF8FAEB},F,03/13,0,65,0,0,,1,
{F5EAE840-6FA4-11D3-9889-00C04FF8FAEB},F,03/14,0,66,0,0,,1,
{F5EAE841-6FA4-11D3-9889-00C04FF8FAEB},F,03/15,0,66,0,0,,1,
{F5EAE842-6FA4-11D3-9889-00C04FF8FAEB},F,03/16,0,67,0,0,,1,
{F5EAE843-6FA4-11D3-9889-00C04FF8FAEB},F,03/17,0,67,0,0,,1,
{F5EAE844-6FA4-11D3-9889-00C04FF8FAEB},F,03/18,0,67,0,0,,1,
{F5EAE845-6FA4-11D3-9889-00C04FF8FAEB},F,03/19,0,68,0,0,,1,
{F5EAE846-6FA4-11D3-9889-00C04FF8FAEB},F,03/20,0,68,0,0,,1,
{F5EAE847-6FA4-11D3-9889-00C04FF8FAEB},F,03/21,0,69,0,0,,1,
{F5EAE848-6FA4-11D3-9889-00C04FF8FAEB},F,03/22,0,69,0,0,,1,
{F5EAE849-6FA4-11D3-9889-00C04FF8FAEB},F,03/23,0,70,0,0,,1,
{F5EAE84A-6FA4-11D3-9889-00C04FF8FAEB},F,03/24,0,70,0,0,,1,
{F5EAE84B-6FA4-11D3-9889-00C04FF8FAEB},F,03/25,0,71,0,0,,1,
{F5EAE84C-6FA4-11D3-9889-00C04FF8FAEB},F,03/26,0,71,0,0,,1,
{F5EAE84D-6FA4-11D3-9889-00C04FF8FAEB},F,03/27,0,72,0,0,,1,
{F5EAE84E-6FA4-11D3-9889-00C04FF8FAEB},F,03/28,0,72,0,0,,1,
{F5EAE84F-6FA4-11D3-9889-00C04FF8FAEB},F,03/29,0,72,0,0,,1,
{F5EAE850-6FA4-11D3-9889-00C04FF8FAEB},F,03/30,0,73,0,0,,1,
{F5EAE851-6FA4-11D3-9889-00C04FF8FAEB},F,03/31,0,73,0,0,,1,
{F5EAE852-6FA4-11D3-9889-00C04FF8FAEB},F,04/01,34,74,0,0,,1,
{F5EAE853-6FA4-11D3-9889-00C04FF8FAEB},F,04/02,35,74,0,0,,1,
{F5EAE854-6FA4-11D3-9889-00C04FF8FAEB},F,04/03,35,75,0,0,,1,
{F5EAE855-6FA4-11D3-9889-00C04FF8FAEB},F,04/04,35,75,0,0,,1,
{F5EAE856-6FA4-11D3-9889-00C04FF8FAEB},F,04/05,35,76,0,0,,1,
{F5EAE857-6FA4-11D3-9889-00C04FF8FAEB},F,04/06,35,76,0,0,,1,
{F5EAE858-6FA4-11D3-9889-00C04FF8FAEB},F,04/07,36,77,0,0,,1,
{F5EAE859-6FA4-11D3-9889-00C04FF8FAEB},F,04/08,36,77,0,0,,1,
{F5EAE85A-6FA4-11D3-9889-00C04FF8FAEB},F,04/09,36,78,0,0,,1,
{F5EAE85B-6FA4-11D3-9889-00C04FF8FAEB},F,04/10,36,78,0,0,,1,
{F5EAE85C-6FA4-11D3-9889-00C04FF8FAEB},F,04/11,37,79,0,0,,1,
{F5EAE85D-6FA4-11D3-9889-00C04FF8FAEB},F,04/12,37,79,0,0,,1,
{F5EAE85E-6FA4-11D3-9889-00C04FF8FAEB},F,04/13,37,80,0,0,,1,
{F5EAE85F-6FA4-11D3-9889-00C04FF8FAEB},F,04/14,37,80,0,0,,1,
{F5EAE860-6FA4-11D3-9889-00C04FF8FAEB},F,04/15,38,81,0,0,,1,
{F5EAE861-6FA4-11D3-9889-00C04FF8FAEB},F,04/16,38,82,0,0,,1,
{F5EAE862-6FA4-11D3-9889-00C04FF8FAEB},F,04/17,38,82,0,0,,1,
{F5EAE863-6FA4-11D3-9889-00C04FF8FAEB},F,04/18,38,83,0,0,,1,
{F5EAE864-6FA4-11D3-9889-00C04FF8FAEB},F,04/19,39,83,0,0,,1,
{F5EAE865-6FA4-11D3-9889-00C04FF8FAEB},F,04/20,39,84,0,0,,1,
{F5EAE866-6FA4-11D3-9889-00C04FF8FAEB},F,04/21,39,84,0,0,,1,
{F5EAE867-6FA4-11D3-9889-00C04FF8FAEB},F,04/22,39,85,0,0,,1,
{F5EAE868-6FA4-11D3-9889-00C04FF8FAEB},F,04/23,40,85,0,0,,1,
{F5EAE869-6FA4-11D3-9889-00C04FF8FAEB},F,04/24,40,86,0,0,,1,
{F5EAE86A-6FA4-11D3-9889-00C04FF8FAEB},F,04/25,40,87,0,0,,1,
{F5EAE86B-6FA4-11D3-9889-00C04FF8FAEB},F,04/26,40,87,0,0,,1,
{F5EAE86C-6FA4-11D3-9889-00C04FF8FAEB},F,04/27,41,88,0,0,,1,
{F5EAE86D-6FA4-11D3-9889-00C04FF8FAEB},F,04/28,41,88,0,0,,1,
{F5EAE86E-6FA4-11D3-9889-00C04FF8FAEB},F,04/29,41,89,0,0,,1,
{F5EAE86F-6FA4-11D3-9889-00C04FF8FAEB},F,04/30,41,89,0,0,,1,
{F5EAE870-6FA4-11D3-9889-00C04FF8FAEB},F,05/01,41,90,0,0,,1,
{F5EAE871-6FA4-11D3-9889-00C04FF8FAEB},F,05/02,42,91,0,0,,1,
{F5EAE872-6FA4-11D3-9889-00C04FF8FAEB},F,05/03,42,91,0,0,,1,
{F5EAE873-6FA4-11D3-9889-00C04FF8FAEB},F,05/04,42,92,0,0,,1,
{F5EAE874-6FA4-11D3-9889-00C04FF8FAEB},F,05/05,42,92,0,0,,1,
{F5EAE875-6FA4-11D3-9889-00C04FF8FAEB},F,05/06,43,93,0,0,,1,
{F5EAE876-6FA4-11D3-9889-00C04FF8FAEB},F,05/07,43,94,0,0,,1,
{F5EAE877-6FA4-11D3-9889-00C04FF8FAEB},F,05/08,43,94,0,0,,1,
{F5EAE878-6FA4-11D3-9889-00C04FF8FAEB},F,05/09,44,95,0,0,,1,
{F5EAE879-6FA4-11D3-9889-00C04FF8FAEB},F,05/10,44,95,0,0,,1,
{F5EAE87A-6FA4-11D3-9889-00C04FF8FAEB},F,05/11,44,96,0,0,,1,
{F5EAE87B-6FA4-11D3-9889-00C04FF8FAEB},F,05/12,45,97,0,0,,1,
{F5EAE87C-6FA4-11D3-9889-00C04FF8FAEB},F,05/13,45,97,0,0,,1,
{F5EAE87D-6FA4-11D3-9889-00C04FF8FAEB},F,05/14,45,98,0,0,,1,
{F5EAE87E-6FA4-11D3-9889-00C04FF8FAEB},F,05/15,45,99,0,0,,1,
{F5EAE87F-6FA4-11D3-9889-00C04FF8FAEB},F,05/16,46,99,0,0,,1,
{F5EAE880-6FA4-11D3-9889-00C04FF8FAEB},F,05/17,46,100,0,0,,1,
{F5EAE881-6FA4-11D3-9889-00C04FF8FAEB},F,05/18,46,101,0,0,,1,
{F5EAE882-6FA4-11D3-9889-00C04FF8FAEB},F,05/19,47,101,0,0,,1,
{F5EAE883-6FA4-11D3-9889-00C04FF8FAEB},F,05/20,47,102,0,0,,1,
{F5EAE884-6FA4-11D3-9889-00C04FF8FAEB},F,05/21,47,103,0,0,,1,
{F5EAE885-6FA4-11D3-9889-00C04FF8FAEB},F,05/22,47,103,0,0,,1,
{F5EAE886-6FA4-11D3-9889-00C04FF8FAEB},F,05/23,48,104,0,0,,1,
{F5EAE887-6FA4-11D3-9889-00C04FF8FAEB},F,05/24,48,105,0,0,,1,
{F5EAE888-6FA4-11D3-9889-00C04FF8FAEB},F,05/25,48,105,0,0,,1,
{F5EAE889-6FA4-11D3-9889-00C04FF8FAEB},F,05/26,49,106,0,0,,1,
{F5EAE88A-6FA4-11D3-9889-00C04FF8FAEB},F,05/27,49,107,0,0,,1,
{F5EAE88B-6FA4-11D3-9889-00C04FF8FAEB},F,05/28,49,107,0,0,,1,
{F5EAE88C-6FA4-11D3-9889-00C04FF8FAEB},F,05/29,50,108,0,0,,1,
{F5EAE88D-6FA4-11D3-9889-00C04FF8FAEB},F,05/30,50,109,0,0,,1,
{F5EAE88E-6FA4-11D3-9889-00C04FF8FAEB},F,05/31,50,110,0,0,,1,
{F5EAE88F-6FA4-11D3-9889-00C04FF8FAEB},F,06/01,51,110,0,0,,1,
{F5EAE890-6FA4-11D3-9889-00C04FF8FAEB},F,06/02,51,111,0,0,,1,
{F5EAE891-6FA4-11D3-9889-00C04FF8FAEB},F,06/03,51,112,0,0,,1,
{F5EAE892-6FA4-11D3-9889-00C04FF8FAEB},F,06/04,51,112,0,0,,1,
{F5EAE893-6FA4-11D3-9889-00C04FF8FAEB},F,06/05,52,113,0,0,,1,
{F5EAE894-6FA4-11D3-9889-00C04FF8FAEB},F,06/06,52,114,0,0,,1,
{F5EAE895-6FA4-11D3-9889-00C04FF8FAEB},F,06/07,52,115,0,0,,1,
{F5EAE896-6FA4-11D3-9889-00C04FF8FAEB},F,06/08,53,115,0,0,,1,
{F5EAE897-6FA4-11D3-9889-00C04FF8FAEB},F,06/09,53,116,0,0,,1,
{F5EAE898-6FA4-11D3-9889-00C04FF8FAEB},F,06/10,54,117,0,0,,1,
{F5EAE899-6FA4-11D3-9889-00C04FF8FAEB},F,06/11,54,118,0,0,,1,
{F5EAE89A-6FA4-11D3-9889-00C04FF8FAEB},F,06/12,54,119,0,0,,1,
{F5EAE89B-6FA4-11D3-9889-00C04FF8FAEB},F,06/13,55,119,0,0,,1,
{F5EAE89C-6FA4-11D3-9889-00C04FF8FAEB},F,06/14,55,120,0,0,,1,
{F5EAE89D-6FA4-11D3-9889-00C04FF8FAEB},F,06/15,55,121,0,0,,1,
{F5EAE89E-6FA4-11D3-9889-00C04FF8FAEB},F,06/16,56,122,0,0,,1,
{F5EAE89F-6FA4-11D3-9889-00C04FF8FAEB},F,06/17,56,123,0,0,,1,
{F5EAE8A0-6FA4-11D3-9889-00C04FF8FAEB},F,06/18,56,123,0,0,,1,
{F5EAE8A1-6FA4-11D3-9889-00C04FF8FAEB},F,06/19,57,124,0,0,,1,
{F5EAE8A2-6FA4-11D3-9889-00C04FF8FAEB},F,06/20,57,125,0,0,,1,
{F5EAE8A3-6FA4-11D3-9889-00C04FF8FAEB},F,06/21,57,126,0,0,,1,
{F5EAE8A4-6FA4-11D3-9889-00C04FF8FAEB},F,06/22,58,127,0,0,,1,
{F5EAE8A5-6FA4-11D3-9889-00C04FF8FAEB},F,06/23,58,127,0,0,,1,
{F5EAE8A6-6FA4-11D3-9889-00C04FF8FAEB},F,06/24,59,128,0,0,,1,
{F5EAE8A7-6FA4-11D3-9889-00C04FF8FAEB},F,06/25,59,129,0,0,,1,
{F5EAE8A8-6FA4-11D3-9889-00C04FF8FAEB},F,06/26,59,130,0,0,,1,
{F5EAE8A9-6FA4-11D3-9889-00C04FF8FAEB},F,06/27,60,131,0,0,,1,
{F5EAE8AA-6FA4-11D3-9889-00C04FF8FAEB},F,06/28,60,132,0,0,,1,
{F5EAE8AB-6FA4-11D3-9889-00C04FF8FAEB},F,06/29,60,133,0,0,,1,
{F5EAE8AC-6FA4-11D3-9889-00C04FF8FAEB},F,06/30,61,133,0,0,,1,
{F5EAE8AD-6FA4-11D3-9889-00C04FF8FAEB},F,07/01,61,134,0,0,,1,
{F5EAE8AE-6FA4-11D3-9889-00C04FF8FAEB},F,07/02,62,135,0,0,,1,
{F5EAE8AF-6FA4-11D3-9889-00C04FF8FAEB},F,07/03,62,136,0,0,,1,
{F5EAE8B0-6FA4-11D3-9889-00C04FF8FAEB},F,07/04,62,137,0,0,,1,
{F5EAE8B1-6FA4-11D3-9889-00C04FF8FAEB},F,07/05,63,138,0,0,,1,
{F5EAE8B2-6FA4-11D3-9889-00C04FF8FAEB},F,07/06,63,139,0,0,,1,
{F5EAE8B3-6FA4-11D3-9889-00C04FF8FAEB},F,07/07,64,140,0,0,,1,
{F5EAE8B4-6FA4-11D3-9889-00C04FF8FAEB},F,07/08,64,141,0,0,,1,
{F5EAE8B5-6FA4-11D3-9889-00C04FF8FAEB},F,07/09,65,142,0,0,,1,
{F5EAE8B6-6FA4-11D3-9889-00C04FF8FAEB},F,07/10,65,143,0,0,,1,
{F5EAE8B7-6FA4-11D3-9889-00C04FF8FAEB},F,07/11,65,143,0,0,,1,
{F5EAE8B8-6FA4-11D3-9889-00C04FF8FAEB},F,07/12,66,144,0,0,,1,
{F5EAE8B9-6FA4-11D3-9889-00C04FF8FAEB},F,07/13,66,145,0,0,,1,
{F5EAE8BA-6FA4-11D3-9889-00C04FF8FAEB},F,07/14,67,146,0,0,,1,
{F5EAE8BB-6FA4-11D3-9889-00C04FF8FAEB},F,07/15,67,147,0,0,,1,
{F5EAE8BC-6FA4-11D3-9889-00C04FF8FAEB},F,07/16,68,148,0,0,,1,
{F5EAE8BD-6FA4-11D3-9889-00C04FF8FAEB},F,07/17,68,149,0,0,,1,
{F5EAE8BE-6FA4-11D3-9889-00C04FF8FAEB},F,07/18,68,150,0,0,,1,
{F5EAE8BF-6FA4-11D3-9889-00C04FF8FAEB},F,07/19,69,151,0,0,,1,
{F5EAE8C0-6FA4-11D3-9889-00C04FF8FAEB},F,07/20,69,152,0,0,,1,
{F5EAE8C1-6FA4-11D3-9889-00C04FF8FAEB},F,07/21,70,153,0,0,,1,
{F5EAE8C2-6FA4-11D3-9889-00C04FF8FAEB},F,07/22,70,154,0,0,,1,
{F5EAE8C3-6FA4-11D3-9889-00C04FF8FAEB},F,07/23,71,155,0,0,,1,
{F5EAE8C4-6FA4-11D3-9889-00C04FF8FAEB},F,07/24,71,156,0,0,,1,
{F5EAE8C5-6FA4-11D3-9889-00C04FF8FAEB},F,07/25,72,157,0,0,,1,
{F5EAE8C6-6FA4-11D3-9889-00C04FF8FAEB},F,07/26,72,158,0,0,,1,
{F5EAE8C7-6FA4-11D3-9889-00C04FF8FAEB},F,07/27,73,159,0,0,,1,
{F5EAE8C8-6FA4-11D3-9889-00C04FF8FAEB},F,07/28,73,160,0,0,,1,
{F5EAE8C9-6FA4-11D3-9889-00C04FF8FAEB},F,07/29,73,161,0,0,,1,
{F5EAE8CA-6FA4-11D3-9889-00C04FF8FAEB},F,07/30,74,163,0,0,,1,
{F5EAE8CB-6FA4-11D3-9889-00C04FF8FAEB},F,07/31,74,164,0,0,,1,
{F5EAE8CC-6FA4-11D3-9889-00C04FF8FAEB},F,08/01,75,165,0,0,,1,
{F5EAE8CD-6FA4-11D3-9889-00C04FF8FAEB},F,08/02,75,166,0,0,,1,
{F5EAE8CE-6FA4-11D3-9889-00C04FF8FAEB},F,08/03,76,167,0,0,,1,
{F5EAE8CF-6FA4-11D3-9889-00C04FF8FAEB},F,08/04,76,168,0,0,,1,
{F5EAE8D0-6FA4-11D3-9889-00C04FF8FAEB},F,08/05,77,169,0,0,,1,
{F5EAE8D1-6FA4-11D3-9889-00C04FF8FAEB},F,08/06,77,170,0,0,,1,
{F5EAE8D2-6FA4-11D3-9889-00C04FF8FAEB},F,08/07,78,171,0,0,,1,
{F5EAE8D3-6FA4-11D3-9889-00C04FF8FAEB},F,08/08,78,172,0,0,,1,
{F5EAE8D4-6FA4-11D3-9889-00C04FF8FAEB},F,08/09,79,174,0,0,,1,
{F5EAE8D5-6FA4-11D3-9889-00C04FF8FAEB},F,08/10,79,175,0,0,,1,
{F5EAE8D6-6FA4-11D3-9889-00C04FF8FAEB},F,08/11,80,176,0,0,,1,
{F5EAE8D7-6FA4-11D3-9889-00C04FF8FAEB},F,08/12,80,177,0,0,,1,
{F5EAE8D8-6FA4-11D3-9889-00C04FF8FAEB},F,08/13,81,178,0,0,,1,
{F5EAE8D9-6FA4-11D3-9889-00C04FF8FAEB},F,08/14,81,179,0,0,,1,
{F5EAE8DA-6FA4-11D3-9889-00C04FF8FAEB},F,08/15,82,181,0,0,,1,
{F5EAE8DB-6FA4-11D3-9889-00C04FF8FAEB},F,08/16,83,182,0,0,,1,
{F5EAE8DC-6FA4-11D3-9889-00C04FF8FAEB},F,08/17,83,183,0,0,,1,
{F5EAE8DD-6FA4-11D3-9889-00C04FF8FAEB},F,08/18,84,184,0,0,,1,
{F5EAE8DE-6FA4-11D3-9889-00C04FF8FAEB},F,08/19,84,185,0,0,,1,
{F5EAE8DF-6FA4-11D3-9889-00C04FF8FAEB},F,08/20,85,187,0,0,,1,
{F5EAE8E0-6FA4-11D3-9889-00C04FF8FAEB},F,08/21,85,188,0,0,,1,
{F5EAE8E1-6FA4-11D3-9889-00C04FF8FAEB},F,08/22,86,189,0,0,,1,
{F5EAE8E2-6FA4-11D3-9889-00C04FF8FAEB},F,08/23,86,190,0,0,,1,
{F5EAE8E3-6FA4-11D3-9889-00C04FF8FAEB},F,08/24,87,192,0,0,,1,
{F5EAE8E4-6FA4-11D3-9889-00C04FF8FAEB},F,08/25,88,193,0,0,,1,
{F5EAE8E5-6FA4-11D3-9889-00C04FF8FAEB},F,08/26,88,194,0,0,,1,
{F5EAE8E6-6FA4-11D3-9889-00C04FF8FAEB},F,08/27,89,195,0,0,,1,
{F5EAE8E7-6FA4-11D3-9889-00C04FF8FAEB},F,08/28,89,197,0,0,,1,
{F5EAE8E8-6FA4-11D3-9889-00C04FF8FAEB},F,08/29,90,198,0,0,,1,
{F5EAE8E9-6FA4-11D3-9889-00C04FF8FAEB},F,08/30,90,199,0,0,,1,
{F5EAE8EA-6FA4-11D3-9889-00C04FF8FAEB},F,08/31,91,201,0,0,,1,
{F5EAE8EB-6FA4-11D3-9889-00C04FF8FAEB},F,09/01,92,202,0,0,,1,
{F5EAE8EC-6FA4-11D3-9889-00C04FF8FAEB},F,09/02,92,203,0,0,,1,
{F5EAE8ED-6FA4-11D3-9889-00C04FF8FAEB},F,09/03,93,205,0,0,,1,
{F5EAE8EE-6FA4-11D3-9889-00C04FF8FAEB},F,09/04,93,206,0,0,,1,
{F5EAE8EF-6FA4-11D3-9889-00C04FF8FAEB},F,09/05,94,207,0,0,,1,
{F5EAE8F0-6FA4-11D3-9889-00C04FF8FAEB},F,09/06,95,209,0,0,,1,
{F5EAE8F1-6FA4-11D3-9889-00C04FF8FAEB},F,09/07,95,210,0,0,,1,
{F5EAE8F2-6FA4-11D3-9889-00C04FF8FAEB},F,09/08,96,211,0,0,,1,
{F5EAE8F3-6FA4-11D3-9889-00C04FF8FAEB},F,09/09,96,213,0,0,,1,
{F5EAE8F4-6FA4-11D3-9889-00C04FF8FAEB},F,09/10,97,214,0,0,,1,
{F5EAE8F5-6FA4-11D3-9889-00C04FF8FAEB},F,09/11,98,216,0,0,,1,
{F5EAE8F6-6FA4-11D3-9889-00C04FF8FAEB},F,09/12,98,217,0,0,,1,
{F5EAE8F7-6FA4-11D3-9889-00C04FF8FAEB},F,09/13,99,218,0,0,,1,
{F5EAE8F8-6FA4-11D3-9889-00C04FF8FAEB},F,09/14,100,220,0,0,,1,
{F5EAE8F9-6FA4-11D3-9889-00C04FF8FAEB},F,09/15,100,221,0,0,,1,
{F5EAE8FA-6FA4-11D3-9889-00C04FF8FAEB},F,09/16,101,223,0,0,,1,
{F5EAE8FB-6FA4-11D3-9889-00C04FF8FAEB},F,09/17,102,224,0,0,,1,
{F5EAE8FC-6FA4-11D3-9889-00C04FF8FAEB},F,09/18,102,226,0,0,,1,
{F5EAE8FD-6FA4-11D3-9889-00C04FF8FAEB},F,09/19,103,227,0,0,,1,
{F5EAE8FE-6FA4-11D3-9889-00C04FF8FAEB},F,09/20,104,229,0,0,,1,
{F5EAE8FF-6FA4-11D3-9889-00C04FF8FAEB},F,09/21,104,230,0,0,,1,
{F5EAE900-6FA4-11D3-9889-00C04FF8FAEB},F,09/22,105,232,0,0,,1,
{F5EAE901-6FA4-11D3-9889-00C04FF8FAEB},F,09/23,106,233,0,0,,1,
{F5EAE902-6FA4-11D3-9889-00C04FF8FAEB},F,09/24,106,235,0,0,,1,
{F5EAE903-6FA4-11D3-9889-00C04FF8FAEB},F,09/25,107,236,0,0,,1,
{F5EAE904-6FA4-11D3-9889-00C04FF8FAEB},F,09/26,108,238,0,0,,1,
{F5EAE905-6FA4-11D3-9889-00C04FF8FAEB},F,09/27,108,239,0,0,,1,
{F5EAE906-6FA4-11D3-9889-00C04FF8FAEB},F,09/28,109,241,0,0,,1,
{F5EAE907-6FA4-11D3-9889-00C04FF8FAEB},F,09/29,110,243,0,0,,1,
{F5EAE908-6FA4-11D3-9889-00C04FF8FAEB},F,09/30,111,244,0,0,,1,
{F5EAE909-6FA4-11D3-9889-00C04FF8FAEB},F,10/01,111,246,0,0,,1,
{F5EAE90A-6FA4-11D3-9889-00C04FF8FAEB},F,10/02,112,247,0,0,,1,
{F5EAE90B-6FA4-11D3-9889-00C04FF8FAEB},F,10/03,113,249,0,0,,1,
{F5EAE90C-6FA4-11D3-9889-00C04FF8FAEB},F,10/04,113,251,0,0,,1,
{F5EAE90D-6FA4-11D3-9889-00C04FF8FAEB},F,10/05,114,252,0,0,,1,
{F5EAE90E-6FA4-11D3-9889-00C04FF8FAEB},F,10/06,115,254,0,0,,1,
{F5EAE90F-6FA4-11D3-9889-00C04FF8FAEB},F,10/07,116,256,0,0,,1,
{F5EAE910-6FA4-11D3-9889-00C04FF8FAEB},F,10/08,116,257,0,0,,1,
{F5EAE911-6FA4-11D3-9889-00C04FF8FAEB},F,10/09,117,259,0,0,,1,
{F5EAE912-6FA4-11D3-9889-00C04FF8FAEB},F,10/10,118,261,0,0,,1,
{F5EAE913-6FA4-11D3-9889-00C04FF8FAEB},F,10/11,119,262,0,0,,1,
{F5EAE914-6FA4-11D3-9889-00C04FF8FAEB},F,10/12,120,264,0,0,,1,
{F5EAE915-6FA4-11D3-9889-00C04FF8FAEB},F,10/13,120,266,0,0,,1,
{F5EAE916-6FA4-11D3-9889-00C04FF8FAEB},F,10/14,121,268,0,0,,1,
{F5EAE917-6FA4-11D3-9889-00C04FF8FAEB},F,10/15,122,269,0,0,,1,
{F5EAE918-6FA4-11D3-9889-00C04FF8FAEB},F,10/16,123,270,0,0,,1,
{F5EAE919-6FA4-11D3-9889-00C04FF8FAEB},F,10/17,124,270,0,0,,1,
{F5EAE91A-6FA4-11D3-9889-00C04FF8FAEB},F,10/18,124,270,0,0,,1,
{F5EAE91B-6FA4-11D3-9889-00C04FF8FAEB},F,10/19,125,270,0,0,,1,
{F5EAE91C-6FA4-11D3-9889-00C04FF8FAEB},F,10/20,126,270,0,0,,1,
{F5EAE91D-6FA4-11D3-9889-00C04FF8FAEB},F,10/21,127,270,0,0,,1,
{F5EAE91E-6FA4-11D3-9889-00C04FF8FAEB},F,10/22,128,270,0,0,,1,
{F5EAE91F-6FA4-11D3-9889-00C04FF8FAEB},F,10/23,128,270,0,0,,1,
{F5EAE920-6FA4-11D3-9889-00C04FF8FAEB},F,10/24,129,270,0,0,,1,
{F5EAE921-6FA4-11D3-9889-00C04FF8FAEB},F,10/25,130,270,0,0,,1,
{F5EAE922-6FA4-11D3-9889-00C04FF8FAEB},F,10/26,131,270,0,0,,1,
{F5EAE923-6FA4-11D3-9889-00C04FF8FAEB},F,10/27,132,270,0,0,,1,
{F5EAE924-6FA4-11D3-9889-00C04FF8FAEB},F,10/28,133,270,0,0,,1,
{F5EAE925-6FA4-11D3-9889-00C04FF8FAEB},F,10/29,134,270,0,0,,1,
{F5EAE926-6FA4-11D3-9889-00C04FF8FAEB},F,10/30,134,270,0,0,,1,
{F5EAE927-6FA4-11D3-9889-00C04FF8FAEB},F,10/31,135,270,0,0,,1,
{F5EAE928-6FA4-11D3-9889-00C04FF8FAEB},F,11/01,136,270,0,0,,1,
{F5EAE929-6FA4-11D3-9889-00C04FF8FAEB},F,11/02,137,270,0,0,,1,
{F5EAE92A-6FA4-11D3-9889-00C04FF8FAEB},F,11/03,138,270,0,0,,1,
{F5EAE92B-6FA4-11D3-9889-00C04FF8FAEB},F,11/04,139,270,0,0,,1,
{F5EAE92C-6FA4-11D3-9889-00C04FF8FAEB},F,11/05,140,270,0,0,,1,
{F5EAE92D-6FA4-11D3-9889-00C04FF8FAEB},F,11/06,141,270,0,0,,1,
{F5EAE92E-6FA4-11D3-9889-00C04FF8FAEB},F,11/07,142,270,0,0,,1,
{F5EAE92F-6FA4-11D3-9889-00C04FF8FAEB},F,11/08,143,270,0,0,,1,
{F5EAE930-6FA4-11D3-9889-00C04FF8FAEB},F,11/09,144,270,0,0,,1,
{F5EAE931-6FA4-11D3-9889-00C04FF8FAEB},F,11/10,144,270,0,0,,1,
{F5EAE932-6FA4-11D3-9889-00C04FF8FAEB},F,11/11,145,270,0,0,,1,
{F5EAE933-6FA4-11D3-9889-00C04FF8FAEB},F,11/12,146,270,0,0,,1,
{F5EAE934-6FA4-11D3-9889-00C04FF8FAEB},F,11/13,147,270,0,0,,1,
{F5EAE935-6FA4-11D3-9889-00C04FF8FAEB},F,11/14,148,270,0,0,,1,
{F5EAE936-6FA4-11D3-9889-00C04FF8FAEB},F,11/15,149,270,0,0,,1,
{F5EAE937-6FA4-11D3-9889-00C04FF8FAEB},F,11/16,150,270,0,0,,1,
{F5EAE938-6FA4-11D3-9889-00C04FF8FAEB},F,11/17,151,270,0,0,,1,
{F5EAE939-6FA4-11D3-9889-00C04FF8FAEB},F,11/18,152,270,0,0,,1,
{F5EAE93A-6FA4-11D3-9889-00C04FF8FAEB},F,11/19,153,270,0,0,,1,
{F5EAE93B-6FA4-11D3-9889-00C04FF8FAEB},F,11/20,154,270,0,0,,1,
{F5EAE93C-6FA4-11D3-9889-00C04FF8FAEB},F,11/21,155,270,0,0,,1,
{F5EAE93D-6FA4-11D3-9889-00C04FF8FAEB},F,11/22,156,270,0,0,,1,
{F5EAE93E-6FA4-11D3-9889-00C04FF8FAEB},F,11/23,157,270,0,0,,1,
{F5EAE93F-6FA4-11D3-9889-00C04FF8FAEB},F,11/24,158,270,0,0,,1,
{F5EAE940-6FA4-11D3-9889-00C04FF8FAEB},F,11/25,159,270,0,0,,1,
{F5EAE941-6FA4-11D3-9889-00C04FF8FAEB},F,11/26,160,270,0,0,,1,
{F5EAE942-6FA4-11D3-9889-00C04FF8FAEB},F,11/27,161,270,0,0,,1,
{F5EAE943-6FA4-11D3-9889-00C04FF8FAEB},F,11/28,162,270,0,0,,1,
{F5EAE944-6FA4-11D3-9889-00C04FF8FAEB},F,11/29,164,270,0,0,,1,
{F5EAE945-6FA4-11D3-9889-00C04FF8FAEB},F,11/30,165,270,0,0,,1,
{F5EAE946-6FA4-11D3-9889-00C04FF8FAEB},F,12/01,0,33,166,270,,1,
{F5EAE947-6FA4-11D3-9889-00C04FF8FAEB},F,12/02,0,33,167,270,,1,
{F5EAE948-6FA4-11D3-9889-00C04FF8FAEB},F,12/03,0,34,168,270,,1,
{F5EAE949-6FA4-11D3-9889-00C04FF8FAEB},F,12/04,0,34,169,270,,1,
{F5EAE94A-6FA4-11D3-9889-00C04FF8FAEB},F,12/05,0,34,170,270,,1,
{F5EAE94B-6FA4-11D3-9889-00C04FF8FAEB},F,12/06,0,34,171,270,,1,
{F5EAE94C-6FA4-11D3-9889-00C04FF8FAEB},F,12/07,0,34,172,270,,1,
{F5EAE94D-6FA4-11D3-9889-00C04FF8FAEB},F,12/08,0,35,173,270,,1,
{F5EAE94E-6FA4-11D3-9889-00C04FF8FAEB},F,12/09,0,35,175,270,,1,
{F5EAE94F-6FA4-11D3-9889-00C04FF8FAEB},F,12/10,0,35,176,270,,1,
{F5EAE950-6FA4-11D3-9889-00C04FF8FAEB},F,12/11,0,35,177,270,,1,
{F5EAE951-6FA4-11D3-9889-00C04FF8FAEB},F,12/12,0,36,178,270,,1,
{F5EAE952-6FA4-11D3-9889-00C04FF8FAEB},F,12/13,0,36,179,270,,1,
{F5EAE953-6FA4-11D3-9889-00C04FF8FAEB},F,12/14,0,36,180,270,,1,
{F5EAE954-6FA4-11D3-9889-00C04FF8FAEB},F,12/15,0,36,182,270,,1,
{F5EAE955-6FA4-11D3-9889-00C04FF8FAEB},F,12/16,0,37,183,270,,1,
{F5EAE956-6FA4-11D3-9889-00C04FF8FAEB},F,12/17,0,37,184,270,,1,
{F5EAE957-6FA4-11D3-9889-00C04FF8FAEB},F,12/18,0,37,185,270,,1,
{F5EAE958-6FA4-11D3-9889-00C04FF8FAEB},F,12/19,0,37,186,270,,1,
{F5EAE959-6FA4-11D3-9889-00C04FF8FAEB},F,12/20,0,38,188,270,,1,
{F5EAE95A-6FA4-11D3-9889-00C04FF8FAEB},F,12/21,0,38,189,270,,1,
{F5EAE95B-6FA4-11D3-9889-00C04FF8FAEB},F,12/22,0,38,190,270,,1,
{F5EAE95C-6FA4-11D3-9889-00C04FF8FAEB},F,12/23,0,38,191,270,,1,
{F5EAE95D-6FA4-11D3-9889-00C04FF8FAEB},F,12/24,0,39,193,270,,1,
{F5EAE95E-6FA4-11D3-9889-00C04FF8FAEB},F,12/25,0,39,194,270,,1,
{F5EAE95F-6FA4-11D3-9889-00C04FF8FAEB},F,12/26,0,39,195,270,,1,
{F5EAE960-6FA4-11D3-9889-00C04FF8FAEB},F,12/27,0,39,196,270,,1,
{F5EAE961-6FA4-11D3-9889-00C04FF8FAEB},F,12/28,0,40,198,270,,1,
{F5EAE962-6FA4-11D3-9889-00C04FF8FAEB},F,12/29,0,40,199,270,,1,
{F5EAE963-6FA4-11D3-9889-00C04FF8FAEB},F,12/30,0,40,200,270,,1,
{F5EAE964-6FA4-11D3-9889-00C04FF8FAEB},F,12/31,0,40,202,270,,1,
{F5EAE965-6FA4-11D3-9889-00C04FF8FAEB},L,01/01,112,202,0,0,,1,
{F5EAE966-6FA4-11D3-9889-00C04FF8FAEB},L,01/02,113,203,0,0,,1,
{F5EAE967-6FA4-11D3-9889-00C04FF8FAEB},L,01/03,113,205,0,0,,1,
{F5EAE968-6FA4-11D3-9889-00C04FF8FAEB},L,01/04,114,206,0,0,,1,
{F5EAE969-6FA4-11D3-9889-00C04FF8FAEB},L,01/05,115,207,0,0,,1,
{F5EAE96A-6FA4-11D3-9889-00C04FF8FAEB},L,01/06,116,209,0,0,,1,
{F5EAE96B-6FA4-11D3-9889-00C04FF8FAEB},L,01/07,116,210,0,0,,1,
{F5EAE96C-6FA4-11D3-9889-00C04FF8FAEB},L,01/08,117,211,0,0,,1,
{F5EAE96D-6FA4-11D3-9889-00C04FF8FAEB},L,01/09,118,213,0,0,,1,
{F5EAE96E-6FA4-11D3-9889-00C04FF8FAEB},L,01/10,119,214,0,0,,1,
{F5EAE96F-6FA4-11D3-9889-00C04FF8FAEB},L,01/11,120,216,0,0,,1,
{F5EAE970-6FA4-11D3-9889-00C04FF8FAEB},L,01/12,120,217,0,0,,1,
{F5EAE971-6FA4-11D3-9889-00C04FF8FAEB},L,01/13,121,218,0,0,,1,
{F5EAE972-6FA4-11D3-9889-00C04FF8FAEB},L,01/14,122,220,0,0,,1,
{F5EAE973-6FA4-11D3-9889-00C04FF8FAEB},L,01/15,123,221,0,0,,1,
{F5EAE974-6FA4-11D3-9889-00C04FF8FAEB},L,01/16,124,223,0,0,,1,
{F5EAE975-6FA4-11D3-9889-00C04FF8FAEB},L,01/17,124,224,0,0,,1,
{F5EAE976-6FA4-11D3-9889-00C04FF8FAEB},L,01/18,125,226,0,0,,1,
{F5EAE977-6FA4-11D3-9889-00C04FF8FAEB},L,01/19,126,227,0,0,,1,
{F5EAE978-6FA4-11D3-9889-00C04FF8FAEB},L,01/20,127,229,0,0,,1,
{F5EAE979-6FA4-11D3-9889-00C04FF8FAEB},L,01/21,128,230,0,0,,1,
{F5EAE97A-6FA4-11D3-9889-00C04FF8FAEB},L,01/22,128,232,0,0,,1,
{F5EAE97B-6FA4-11D3-9889-00C04FF8FAEB},L,01/23,129,233,0,0,,1,
{F5EAE97C-6FA4-11D3-9889-00C04FF8FAEB},L,01/24,130,235,0,0,,1,
{F5EAE97D-6FA4-11D3-9889-00C04FF8FAEB},L,01/25,131,236,0,0,,1,
{F5EAE97E-6FA4-11D3-9889-00C04FF8FAEB},L,01/26,132,238,0,0,,1,
{F5EAE97F-6FA4-11D3-9889-00C04FF8FAEB},L,01/27,133,239,0,0,,1,
{F5EAE980-6FA4-11D3-9889-00C04FF8FAEB},L,01/28,134,241,0,0,,1,
{F5EAE981-6FA4-11D3-9889-00C04FF8FAEB},L,01/29,134,243,0,0,,1,
{F5EAE982-6FA4-11D3-9889-00C04FF8FAEB},L,01/30,135,244,0,0,,1,
{F5EAE983-6FA4-11D3-9889-00C04FF8FAEB},L,01/31,136,246,0,0,,1,
{F5EAE984-6FA4-11D3-9889-00C04FF8FAEB},L,02/01,137,247,0,0,,1,
{F5EAE985-6FA4-11D3-9889-00C04FF8FAEB},L,02/02,138,249,0,0,,1,
{F5EAE986-6FA4-11D3-9889-00C04FF8FAEB},L,02/03,139,251,0,0,,1,
{F5EAE987-6FA4-11D3-9889-00C04FF8FAEB},L,02/04,140,252,0,0,,1,
{F5EAE988-6FA4-11D3-9889-00C04FF8FAEB},L,02/05,141,254,0,0,,1,
{F5EAE989-6FA4-11D3-9889-00C04FF8FAEB},L,02/06,142,256,0,0,,1,
{F5EAE98A-6FA4-11D3-9889-00C04FF8FAEB},L,02/07,143,257,0,0,,1,
{F5EAE98B-6FA4-11D3-9889-00C04FF8FAEB},L,02/08,144,259,0,0,,1,
{F5EAE98C-6FA4-11D3-9889-00C04FF8FAEB},L,02/09,144,261,0,0,,1,
{F5EAE98D-6FA4-11D3-9889-00C04FF8FAEB},L,02/10,145,262,0,0,,1,
{F5EAE98E-6FA4-11D3-9889-00C04FF8FAEB},L,02/11,146,264,0,0,,1,
{F5EAE98F-6FA4-11D3-9889-00C04FF8FAEB},L,02/12,147,266,0,0,,1,
{F5EAE990-6FA4-11D3-9889-00C04FF8FAEB},L,02/13,148,268,0,0,,1,
{F5EAE991-6FA4-11D3-9889-00C04FF8FAEB},L,02/14,149,269,0,0,,1,
{F5EAE992-6FA4-11D3-9889-00C04FF8FAEB},L,02/15,150,270,0,0,,1,
{F5EAE993-6FA4-11D3-9889-00C04FF8FAEB},L,02/16,151,270,0,0,,1,
{F5EAE994-6FA4-11D3-9889-00C04FF8FAEB},L,02/17,152,270,0,0,,1,
{F5EAE995-6FA4-11D3-9889-00C04FF8FAEB},L,02/18,153,270,0,0,,1,
{F5EAE996-6FA4-11D3-9889-00C04FF8FAEB},L,02/19,154,270,0,0,,1,
{F5EAE997-6FA4-11D3-9889-00C04FF8FAEB},L,02/20,155,270,0,0,,1,
{F5EAE998-6FA4-11D3-9889-00C04FF8FAEB},L,02/21,156,270,0,0,,1,
{F5EAE999-6FA4-11D3-9889-00C04FF8FAEB},L,02/22,157,270,0,0,,1,
{F5EAE99A-6FA4-11D3-9889-00C04FF8FAEB},L,02/23,158,270,0,0,,1,
{F5EAE99B-6FA4-11D3-9889-00C04FF8FAEB},L,02/24,159,270,0,0,,1,
{F5EAE99C-6FA4-11D3-9889-00C04FF8FAEB},L,02/25,160,270,0,0,,1,
{F5EAE99D-6FA4-11D3-9889-00C04FF8FAEB},L,02/26,161,270,0,0,,1,
{F5EAE99E-6FA4-11D3-9889-00C04FF8FAEB},L,02/27,162,270,0,0,,1,
{F5EAE99F-6FA4-11D3-9889-00C04FF8FAEB},L,02/28,164,270,0,0,,1,
{F5EAE9A0-6FA4-11D3-9889-00C04FF8FAEB},L,02/29,165,270,0,0,,1,
{F5EAE9A1-6FA4-11D3-9889-00C04FF8FAEB},L,03/01,166,270,0,0,,1,
{F5EAE9A2-6FA4-11D3-9889-00C04FF8FAEB},L,03/02,167,270,0,0,,1,
{F5EAE9A3-6FA4-11D3-9889-00C04FF8FAEB},L,03/03,168,270,0,0,,1,
{F5EAE9A4-6FA4-11D3-9889-00C04FF8FAEB},L,03/04,169,270,0,0,,1,
{F5EAE9A5-6FA4-11D3-9889-00C04FF8FAEB},L,03/05,170,270,0,0,,1,
{F5EAE9A6-6FA4-11D3-9889-00C04FF8FAEB},L,03/06,171,270,0,0,,1,
{F5EAE9A7-6FA4-11D3-9889-00C04FF8FAEB},L,03/07,172,270,0,0,,1,
{F5EAE9A8-6FA4-11D3-9889-00C04FF8FAEB},L,03/08,173,270,0,0,,1,
{F5EAE9A9-6FA4-11D3-9889-00C04FF8FAEB},L,03/09,175,270,0,0,,1,
{F5EAE9AA-6FA4-11D3-9889-00C04FF8FAEB},L,03/10,176,270,0,0,,1,
{F5EAE9AB-6FA4-11D3-9889-00C04FF8FAEB},L,03/11,177,270,0,0,,1,
{F5EAE9AC-6FA4-11D3-9889-00C04FF8FAEB},L,03/12,178,270,0,0,,1,
{F5EAE9AD-6FA4-11D3-9889-00C04FF8FAEB},L,03/13,179,270,0,0,,1,
{F5EAE9AE-6FA4-11D3-9889-00C04FF8FAEB},L,03/14,180,270,0,0,,1,
{F5EAE9AF-6FA4-11D3-9889-00C04FF8FAEB},L,03/15,182,270,0,0,,1,
{F5EAE9B0-6FA4-11D3-9889-00C04FF8FAEB},L,03/16,183,270,0,0,,1,
{F5EAE9B1-6FA4-11D3-9889-00C04FF8FAEB},L,03/17,184,270,0,0,,1,
{F5EAE9B2-6FA4-11D3-9889-00C04FF8FAEB},L,03/18,185,270,0,0,,1,
{F5EAE9B3-6FA4-11D3-9889-00C04FF8FAEB},L,03/19,186,270,0,0,,1,
{F5EAE9B4-6FA4-11D3-9889-00C04FF8FAEB},L,03/20,188,270,0,0,,1,
{F5EAE9B5-6FA4-11D3-9889-00C04FF8FAEB},L,03/21,189,270,0,0,,1,
{F5EAE9B6-6FA4-11D3-9889-00C04FF8FAEB},L,03/22,190,270,0,0,,1,
{F5EAE9B7-6FA4-11D3-9889-00C04FF8FAEB},L,03/23,191,270,0,0,,1,
{F5EAE9B8-6FA4-11D3-9889-00C04FF8FAEB},L,03/24,193,270,0,0,,1,
{F5EAE9B9-6FA4-11D3-9889-00C04FF8FAEB},L,03/25,194,270,0,0,,1,
{F5EAE9BA-6FA4-11D3-9889-00C04FF8FAEB},L,03/26,195,270,0,0,,1,
{F5EAE9BB-6FA4-11D3-9889-00C04FF8FAEB},L,03/27,196,270,0,0,,1,
{F5EAE9BC-6FA4-11D3-9889-00C04FF8FAEB},L,03/28,198,270,0,0,,1,
{F5EAE9BD-6FA4-11D3-9889-00C04FF8FAEB},L,03/29,199,270,0,0,,1,
{F5EAE9BE-6FA4-11D3-9889-00C04FF8FAEB},L,03/30,200,270,0,0,,1,
{F5EAE9BF-6FA4-11D3-9889-00C04FF8FAEB},L,03/31,202,270,0,0,,1,
{F5EAE9C0-6FA4-11D3-9889-00C04FF8FAEB},L,04/01,0,33,203,270,,1,
{F5EAE9C1-6FA4-11D3-9889-00C04FF8FAEB},L,04/02,0,34,204,270,,7165,
{F5EAE9C2-6FA4-11D3-9889-00C04FF8FAEB},L,04/03,0,34,206,270,,1,
{F5EAE9C3-6FA4-11D3-9889-00C04FF8FAEB},L,04/04,0,34,207,270,,1,
{F5EAE9C4-6FA4-11D3-9889-00C04FF8FAEB},L,04/05,0,34,208,270,,1,
{F5EAE9C5-6FA4-11D3-9889-00C04FF8FAEB},L,04/06,0,34,210,270,,1,
{F5EAE9C6-6FA4-11D3-9889-00C04FF8FAEB},L,04/07,0,35,211,270,,7165,
{F5EAE9C7-6FA4-11D3-9889-00C04FF8FAEB},L,04/08,0,35,212,270,,1,
{F5EAE9C8-6FA4-11D3-9889-00C04FF8FAEB},L,04/09,0,35,214,270,,1,
{F5EAE9C9-6FA4-11D3-9889-00C04FF8FAEB},L,04/10,0,35,215,270,,1,
{F5EAE9CA-6FA4-11D3-9889-00C04FF8FAEB},L,04/11,0,36,217,270,,7165,
{F5EAE9CB-6FA4-11D3-9889-00C04FF8FAEB},L,04/12,0,36,218,270,,1,
{F5EAE9CC-6FA4-11D3-9889-00C04FF8FAEB},L,04/13,0,36,219,270,,1,
{F5EAE9CD-6FA4-11D3-9889-00C04FF8FAEB},L,04/14,0,36,221,270,,1,
{F5EAE9CE-6FA4-11D3-9889-00C04FF8FAEB},L,04/15,0,37,222,270,,7165,
{F5EAE9CF-6FA4-11D3-9889-00C04FF8FAEB},L,04/16,0,37,224,270,,1,
{F5EAE9D0-6FA4-11D3-9889-00C04FF8FAEB},L,04/17,0,37,225,270,,1,
{F5EAE9D1-6FA4-11D3-9889-00C04FF8FAEB},L,04/18,0,37,227,270,,1,
{F5EAE9D2-6FA4-11D3-9889-00C04FF8FAEB},L,04/19,0,38,228,270,,2482,
{F5EAE9D3-6FA4-11D3-9889-00C04FF8FAEB},L,04/20,0,38,230,270,,1,
{F5EAE9D4-6FA4-11D3-9889-00C04FF8FAEB},L,04/21,0,38,231,270,,1,
{F5EAE9D5-6FA4-11D3-9889-00C04FF8FAEB},L,04/22,0,38,233,270,,1,
{F5EAE9D6-6FA4-11D3-9889-00C04FF8FAEB},L,04/23,0,39,234,270,,2482,
{F5EAE9D7-6FA4-11D3-9889-00C04FF8FAEB},L,04/24,0,39,236,270,,1,
{F5EAE9D8-6FA4-11D3-9889-00C04FF8FAEB},L,04/25,0,39,237,270,,1,
{F5EAE9D9-6FA4-11D3-9889-00C04FF8FAEB},L,04/26,0,39,239,270,,1,
{F5EAE9DA-6FA4-11D3-9889-00C04FF8FAEB},L,04/27,0,40,240,270,,9440,
{F5EAE9DB-6FA4-11D3-9889-00C04FF8FAEB},L,04/28,0,40,242,270,,1,
{F5EAE9DC-6FA4-11D3-9889-00C04FF8FAEB},L,04/29,0,40,244,270,,1,
{F5EAE9DD-6FA4-11D3-9889-00C04FF8FAEB},L,04/30,0,40,245,270,,1,
{F5EAE9DE-6FA4-11D3-9889-00C04FF8FAEB},L,05/01,0,40,247,270,,1,
{F5EAE9DF-6FA4-11D3-9889-00C04FF8FAEB},L,05/02,0,41,248,270,,1,
{F5EAE9E0-6FA4-11D3-9889-00C04FF8FAEB},L,05/03,0,41,250,270,,1,
{F5EAE9E1-6FA4-11D3-9889-00C04FF8FAEB},L,05/04,0,41,252,270,,1,
{F5EAE9E2-6FA4-11D3-9889-00C04FF8FAEB},L,05/05,0,41,253,270,,1,
{F5EAE9E3-6FA4-11D3-9889-00C04FF8FAEB},L,05/06,0,42,255,270,,1,
{F5EAE9E4-6FA4-11D3-9889-00C04FF8FAEB},L,05/07,0,42,257,270,,1,
{F5EAE9E5-6FA4-11D3-9889-00C04FF8FAEB},L,05/08,0,42,258,270,,1,
{F5EAE9E6-6FA4-11D3-9889-00C04FF8FAEB},L,05/09,0,43,260,270,,1,
{F5EAE9E7-6FA4-11D3-9889-00C04FF8FAEB},L,05/10,0,43,262,270,,1,
{F5EAE9E8-6FA4-11D3-9889-00C04FF8FAEB},L,05/11,0,43,263,270,,1,
{F5EAE9E9-6FA4-11D3-9889-00C04FF8FAEB},L,05/12,0,44,265,270,,9440,
{F5EAE9EA-6FA4-11D3-9889-00C04FF8FAEB},L,05/13,0,44,267,270,,1,
{F5EAE9EB-6FA4-11D3-9889-00C04FF8FAEB},L,05/14,0,44,269,270,,1,
{F5EAE9EC-6FA4-11D3-9889-00C04FF8FAEB},L,05/15,0,44,270,270,,1,
{F5EAE9ED-6FA4-11D3-9889-00C04FF8FAEB},L,05/16,0,45,270,271,,1,
{F5EAE9EE-6FA4-11D3-9889-00C04FF8FAEB},L,05/17,0,45,0,0,,1,
{F5EAE9EF-6FA4-11D3-9889-00C04FF8FAEB},L,05/18,0,45,0,0,,1,
{F5EAE9F0-6FA4-11D3-9889-00C04FF8FAEB},L,05/19,0,46,0,0,,9440,
{F5EAE9F1-6FA4-11D3-9889-00C04FF8FAEB},L,05/20,0,46,0,0,,1,
{F5EAE9F2-6FA4-11D3-9889-00C04FF8FAEB},L,05/21,0,46,0,0,,1,
{F5EAE9F3-6FA4-11D3-9889-00C04FF8FAEB},L,05/22,0,46,0,0,,1,
{F5EAE9F4-6FA4-11D3-9889-00C04FF8FAEB},L,05/23,0,47,0,0,,1,
{F5EAE9F5-6FA4-11D3-9889-00C04FF8FAEB},L,05/24,0,47,0,0,,1,
{F5EAE9F6-6FA4-11D3-9889-00C04FF8FAEB},L,05/25,0,47,0,0,,1,
{F5EAE9F7-6FA4-11D3-9889-00C04FF8FAEB},L,05/26,0,48,0,0,,1,
{F5EAE9F8-6FA4-11D3-9889-00C04FF8FAEB},L,05/27,0,48,0,0,,1,
{F5EAE9F9-6FA4-11D3-9889-00C04FF8FAEB},L,05/28,0,48,0,0,,1,
{F5EAE9FA-6FA4-11D3-9889-00C04FF8FAEB},L,05/29,0,49,0,0,,1,
{F5EAE9FB-6FA4-11D3-9889-00C04FF8FAEB},L,05/30,0,49,0,0,,1,
{F5EAE9FC-6FA4-11D3-9889-00C04FF8FAEB},L,05/31,0,49,0,0,,1,
{F5EAE9FD-6FA4-11D3-9889-00C04FF8FAEB},L,06/01,0,50,0,0,,1,
{F5EAE9FE-6FA4-11D3-9889-00C04FF8FAEB},L,06/02,0,50,0,0,,1,
{F5EAE9FF-6FA4-11D3-9889-00C04FF8FAEB},L,06/03,0,50,0,0,,1,
{F5EAEA00-6FA4-11D3-9889-00C04FF8FAEB},L,06/04,0,50,0,0,,1,
{F5EAEA01-6FA4-11D3-9889-00C04FF8FAEB},L,06/05,0,51,0,0,,1,
{F5EAEA02-6FA4-11D3-9889-00C04FF8FAEB},L,06/06,0,51,0,0,,1,
{F5EAEA03-6FA4-11D3-9889-00C04FF8FAEB},L,06/07,0,51,0,0,,1,
{F5EAEA04-6FA4-11D3-9889-00C04FF8FAEB},L,06/08,0,52,0,0,,1,
{F5EAEA05-6FA4-11D3-9889-00C04FF8FAEB},L,06/09,0,52,0,0,,1,
{F5EAEA06-6FA4-11D3-9889-00C04FF8FAEB},L,06/10,0,53,0,0,,1,
{F5EAEA07-6FA4-11D3-9889-00C04FF8FAEB},L,06/11,0,53,0,0,,1,
{F5EAEA08-6FA4-11D3-9889-00C04FF8FAEB},L,06/12,0,53,0,0,,1,
{F5EAEA09-6FA4-11D3-9889-00C04FF8FAEB},L,06/13,0,54,0,0,,1,
{F5EAEA0A-6FA4-11D3-9889-00C04FF8FAEB},L,06/14,0,54,0,0,,1,
{F5EAEA0B-6FA4-11D3-9889-00C04FF8FAEB},L,06/15,0,54,0,0,,1,
{F5EAEA0C-6FA4-11D3-9889-00C04FF8FAEB},L,06/16,0,55,0,0,,1,
{F5EAEA0D-6FA4-11D3-9889-00C04FF8FAEB},L,06/17,0,55,0,0,,1,
{F5EAEA0E-6FA4-11D3-9889-00C04FF8FAEB},L,06/18,0,55,0,0,,1,
{F5EAEA0F-6FA4-11D3-9889-00C04FF8FAEB},L,06/19,0,56,0,0,,1,
{F5EAEA10-6FA4-11D3-9889-00C04FF8FAEB},L,06/20,0,56,0,0,,1,
{F5EAEA11-6FA4-11D3-9889-00C04FF8FAEB},L,06/21,0,56,0,0,,1,
{F5EAEA12-6FA4-11D3-9889-00C04FF8FAEB},L,06/22,0,57,0,0,,1,
{F5EAEA13-6FA4-11D3-9889-00C04FF8FAEB},L,06/23,0,57,0,0,,1,
{F5EAEA14-6FA4-11D3-9889-00C04FF8FAEB},L,06/24,0,58,0,0,,1,
{F5EAEA15-6FA4-11D3-9889-00C04FF8FAEB},L,06/25,0,58,0,0,,1,
{F5EAEA16-6FA4-11D3-9889-00C04FF8FAEB},L,06/26,0,58,0,0,,1,
{F5EAEA17-6FA4-11D3-9889-00C04FF8FAEB},L,06/27,0,59,0,0,,1,
{F5EAEA18-6FA4-11D3-9889-00C04FF8FAEB},L,06/28,0,59,0,0,,1,
{F5EAEA19-6FA4-11D3-9889-00C04FF8FAEB},L,06/29,0,59,0,0,,1,
{F5EAEA1A-6FA4-11D3-9889-00C04FF8FAEB},L,06/30,0,60,0,0,,1,
{F5EAEA1B-6FA4-11D3-9889-00C04FF8FAEB},L,07/01,34,60,0,0,,1,
{F5EAEA1C-6FA4-11D3-9889-00C04FF8FAEB},L,07/02,34,61,0,0,,1,
{F5EAEA1D-6FA4-11D3-9889-00C04FF8FAEB},L,07/03,35,61,0,0,,1,
{F5EAEA1E-6FA4-11D3-9889-00C04FF8FAEB},L,07/04,35,61,0,0,,1,
{F5EAEA1F-6FA4-11D3-9889-00C04FF8FAEB},L,07/05,35,62,0,0,,1,
{F5EAEA20-6FA4-11D3-9889-00C04FF8FAEB},L,07/06,35,62,0,0,,1,
{F5EAEA21-6FA4-11D3-9889-00C04FF8FAEB},L,07/07,35,63,0,0,,1,
{F5EAEA22-6FA4-11D3-9889-00C04FF8FAEB},L,07/08,36,63,0,0,,1,
{F5EAEA23-6FA4-11D3-9889-00C04FF8FAEB},L,07/09,36,64,0,0,,1,
{F5EAEA24-6FA4-11D3-9889-00C04FF8FAEB},L,07/10,36,64,0,0,,1,
{F5EAEA25-6FA4-11D3-9889-00C04FF8FAEB},L,07/11,36,64,0,0,,1,
{F5EAEA26-6FA4-11D3-9889-00C04FF8FAEB},L,07/12,37,65,0,0,,1,
{F5EAEA27-6FA4-11D3-9889-00C04FF8FAEB},L,07/13,37,65,0,0,,1,
{F5EAEA28-6FA4-11D3-9889-00C04FF8FAEB},L,07/14,37,66,0,0,,1,
{F5EAEA29-6FA4-11D3-9889-00C04FF8FAEB},L,07/15,37,66,0,0,,1,
{F5EAEA2A-6FA4-11D3-9889-00C04FF8FAEB},L,07/16,38,67,0,0,,1,
{F5EAEA2B-6FA4-11D3-9889-00C04FF8FAEB},L,07/17,38,67,0,0,,1,
{F5EAEA2C-6FA4-11D3-9889-00C04FF8FAEB},L,07/18,38,67,0,0,,1,
{F5EAEA2D-6FA4-11D3-9889-00C04FF8FAEB},L,07/19,38,68,0,0,,1,
{F5EAEA2E-6FA4-11D3-9889-00C04FF8FAEB},L,07/20,39,68,0,0,,1,
{F5EAEA2F-6FA4-11D3-9889-00C04FF8FAEB},L,07/21,39,69,0,0,,1,
{F5EAEA30-6FA4-11D3-9889-00C04FF8FAEB},L,07/22,39,69,0,0,,1,
{F5EAEA31-6FA4-11D3-9889-00C04FF8FAEB},L,07/23,39,70,0,0,,1,
{F5EAEA32-6FA4-11D3-9889-00C04FF8FAEB},L,07/24,40,70,0,0,,1,
{F5EAEA33-6FA4-11D3-9889-00C04FF8FAEB},L,07/25,40,71,0,0,,1,
{F5EAEA34-6FA4-11D3-9889-00C04FF8FAEB},L,07/26,40,71,0,0,,1,
{F5EAEA35-6FA4-11D3-9889-00C04FF8FAEB},L,07/27,40,72,0,0,,1,
{F5EAEA36-6FA4-11D3-9889-00C04FF8FAEB},L,07/28,41,72,0,0,,1,
{F5EAEA37-6FA4-11D3-9889-00C04FF8FAEB},L,07/29,41,72,0,0,,1,
{F5EAEA38-6FA4-11D3-9889-00C04FF8FAEB},L,07/30,41,73,0,0,,1,
{F5EAEA39-6FA4-11D3-9889-00C04FF8FAEB},L,07/31,41,73,0,0,,1,
{F5EAEA3A-6FA4-11D3-9889-00C04FF8FAEB},L,08/01,42,74,0,0,,1,
{F5EAEA3B-6FA4-11D3-9889-00C04FF8FAEB},L,08/02,42,74,0,0,,1,
{F5EAEA3C-6FA4-11D3-9889-00C04FF8FAEB},L,08/03,42,75,0,0,,1,
{F5EAEA3D-6FA4-11D3-9889-00C04FF8FAEB},L,08/04,42,75,0,0,,1,
{F5EAEA3E-6FA4-11D3-9889-00C04FF8FAEB},L,08/05,43,76,0,0,,1,
{F5EAEA3F-6FA4-11D3-9889-00C04FF8FAEB},L,08/06,43,76,0,0,,1,
{F5EAEA40-6FA4-11D3-9889-00C04FF8FAEB},L,08/07,43,77,0,0,,1,
{F5EAEA41-6FA4-11D3-9889-00C04FF8FAEB},L,08/08,44,77,0,0,,1,
{F5EAEA42-6FA4-11D3-9889-00C04FF8FAEB},L,08/09,44,78,0,0,,1,
{F5EAEA43-6FA4-11D3-9889-00C04FF8FAEB},L,08/10,44,78,0,0,,1,
{F5EAEA44-6FA4-11D3-9889-00C04FF8FAEB},L,08/11,44,79,0,0,,1,
{F5EAEA45-6FA4-11D3-9889-00C04FF8FAEB},L,08/12,45,79,0,0,,1,
{F5EAEA46-6FA4-11D3-9889-00C04FF8FAEB},L,08/13,45,80,0,0,,1,
{F5EAEA47-6FA4-11D3-9889-00C04FF8FAEB},L,08/14,45,80,0,0,,1,
{F5EAEA48-6FA4-11D3-9889-00C04FF8FAEB},L,08/15,46,81,0,0,,1,
{F5EAEA49-6FA4-11D3-9889-00C04FF8FAEB},L,08/16,46,82,0,0,,1,
{F5EAEA4A-6FA4-11D3-9889-00C04FF8FAEB},L,08/17,46,82,0,0,,1,
{F5EAEA4B-6FA4-11D3-9889-00C04FF8FAEB},L,08/18,46,83,0,0,,1,
{F5EAEA4C-6FA4-11D3-9889-00C04FF8FAEB},L,08/19,47,83,0,0,,1,
{F5EAEA4D-6FA4-11D3-9889-00C04FF8FAEB},L,08/20,47,84,0,0,,1,
{F5EAEA4E-6FA4-11D3-9889-00C04FF8FAEB},L,08/21,47,84,0,0,,1,
{F5EAEA4F-6FA4-11D3-9889-00C04FF8FAEB},L,08/22,48,85,0,0,,1,
{F5EAEA50-6FA4-11D3-9889-00C04FF8FAEB},L,08/23,48,85,0,0,,1,
{F5EAEA51-6FA4-11D3-9889-00C04FF8FAEB},L,08/24,48,86,0,0,,1,
{F5EAEA52-6FA4-11D3-9889-00C04FF8FAEB},L,08/25,49,87,0,0,,1,
{F5EAEA53-6FA4-11D3-9889-00C04FF8FAEB},L,08/26,49,87,0,0,,1,
{F5EAEA54-6FA4-11D3-9889-00C04FF8FAEB},L,08/27,49,88,0,0,,1,
{F5EAEA55-6FA4-11D3-9889-00C04FF8FAEB},L,08/28,50,88,0,0,,1,
{F5EAEA56-6FA4-11D3-9889-00C04FF8FAEB},L,08/29,50,89,0,0,,1,
{F5EAEA57-6FA4-11D3-9889-00C04FF8FAEB},L,08/30,50,89,0,0,,1,
{F5EAEA58-6FA4-11D3-9889-00C04FF8FAEB},L,08/31,51,90,0,0,,1,
{F5EAEA59-6FA4-11D3-9889-00C04FF8FAEB},L,09/01,51,91,0,0,,1,
{F5EAEA5A-6FA4-11D3-9889-00C04FF8FAEB},L,09/02,51,91,0,0,,1,
{F5EAEA5B-6FA4-11D3-9889-00C04FF8FAEB},L,09/03,51,92,0,0,,1,
{F5EAEA5C-6FA4-11D3-9889-00C04FF8FAEB},L,09/04,52,92,0,0,,1,
{F5EAEA5D-6FA4-11D3-9889-00C04FF8FAEB},L,09/05,52,93,0,0,,1,
{F5EAEA5E-6FA4-11D3-9889-00C04FF8FAEB},L,09/06,52,94,0,0,,1,
{F5EAEA5F-6FA4-11D3-9889-00C04FF8FAEB},L,09/07,53,94,0,0,,1,
{F5EAEA60-6FA4-11D3-9889-00C04FF8FAEB},L,09/08,53,95,0,0,,1,
{F5EAEA61-6FA4-11D3-9889-00C04FF8FAEB},L,09/09,54,95,0,0,,1,
{F5EAEA62-6FA4-11D3-9889-00C04FF8FAEB},L,09/10,54,96,0,0,,1,
{F5EAEA63-6FA4-11D3-9889-00C04FF8FAEB},L,09/11,54,97,0,0,,1,
{F5EAEA64-6FA4-11D3-9889-00C04FF8FAEB},L,09/12,55,97,0,0,,1,
{F5EAEA65-6FA4-11D3-9889-00C04FF8FAEB},L,09/13,55,98,0,0,,1,
{F5EAEA66-6FA4-11D3-9889-00C04FF8FAEB},L,09/14,55,99,0,0,,1,
{F5EAEA67-6FA4-11D3-9889-00C04FF8FAEB},L,09/15,56,99,0,0,,1,
{F5EAEA68-6FA4-11D3-9889-00C04FF8FAEB},L,09/16,56,100,0,0,,1,
{F5EAEA69-6FA4-11D3-9889-00C04FF8FAEB},L,09/17,56,101,0,0,,1,
{F5EAEA6A-6FA4-11D3-9889-00C04FF8FAEB},L,09/18,57,101,0,0,,1,
{F5EAEA6B-6FA4-11D3-9889-00C04FF8FAEB},L,09/19,57,102,0,0,,1,
{F5EAEA6C-6FA4-11D3-9889-00C04FF8FAEB},L,09/20,57,103,0,0,,1,
{F5EAEA6D-6FA4-11D3-9889-00C04FF8FAEB},L,09/21,58,103,0,0,,1,
{F5EAEA6E-6FA4-11D3-9889-00C04FF8FAEB},L,09/22,58,104,0,0,,1,
{F5EAEA6F-6FA4-11D3-9889-00C04FF8FAEB},L,09/23,59,105,0,0,,1,
{F5EAEA70-6FA4-11D3-9889-00C04FF8FAEB},L,09/24,59,105,0,0,,1,
{F5EAEA71-6FA4-11D3-9889-00C04FF8FAEB},L,09/25,59,106,0,0,,1,
{F5EAEA72-6FA4-11D3-9889-00C04FF8FAEB},L,09/26,60,107,0,0,,1,
{F5EAEA73-6FA4-11D3-9889-00C04FF8FAEB},L,09/27,60,107,0,0,,1,
{F5EAEA74-6FA4-11D3-9889-00C04FF8FAEB},L,09/28,60,108,0,0,,1,
{F5EAEA75-6FA4-11D3-9889-00C04FF8FAEB},L,09/29,61,109,0,0,,1,
{F5EAEA76-6FA4-11D3-9889-00C04FF8FAEB},L,09/30,61,110,0,0,,1,
{F5EAEA77-6FA4-11D3-9889-00C04FF8FAEB},L,10/01,62,110,0,0,,1,
{F5EAEA78-6FA4-11D3-9889-00C04FF8FAEB},L,10/02,62,111,0,0,,1,
{F5EAEA79-6FA4-11D3-9889-00C04FF8FAEB},L,10/03,62,112,0,0,,1,
{F5EAEA7A-6FA4-11D3-9889-00C04FF8FAEB},L,10/04,63,112,0,0,,1,
{F5EAEA7B-6FA4-11D3-9889-00C04FF8FAEB},L,10/05,63,113,0,0,,1,
{F5EAEA7C-6FA4-11D3-9889-00C04FF8FAEB},L,10/06,64,114,0,0,,1,
{F5EAEA7D-6FA4-11D3-9889-00C04FF8FAEB},L,10/07,64,115,0,0,,1,
{F5EAEA7E-6FA4-11D3-9889-00C04FF8FAEB},L,10/08,65,115,0,0,,1,
{F5EAEA7F-6FA4-11D3-9889-00C04FF8FAEB},L,10/09,65,116,0,0,,1,
{F5EAEA80-6FA4-11D3-9889-00C04FF8FAEB},L,10/10,65,117,0,0,,1,
{F5EAEA81-6FA4-11D3-9889-00C04FF8FAEB},L,10/11,66,118,0,0,,1,
{F5EAEA82-6FA4-11D3-9889-00C04FF8FAEB},L,10/12,66,119,0,0,,1,
{F5EAEA83-6FA4-11D3-9889-00C04FF8FAEB},L,10/13,67,119,0,0,,1,
{F5EAEA84-6FA4-11D3-9889-00C04FF8FAEB},L,10/14,67,120,0,0,,1,
{F5EAEA85-6FA4-11D3-9889-00C04FF8FAEB},L,10/15,68,121,0,0,,1,
{F5EAEA86-6FA4-11D3-9889-00C04FF8FAEB},L,10/16,68,122,0,0,,1,
{F5EAEA87-6FA4-11D3-9889-00C04FF8FAEB},L,10/17,68,123,0,0,,1,
{F5EAEA88-6FA4-11D3-9889-00C04FF8FAEB},L,10/18,69,123,0,0,,1,
{F5EAEA89-6FA4-11D3-9889-00C04FF8FAEB},L,10/19,69,124,0,0,,1,
{F5EAEA8A-6FA4-11D3-9889-00C04FF8FAEB},L,10/20,70,125,0,0,,1,
{F5EAEA8B-6FA4-11D3-9889-00C04FF8FAEB},L,10/21,70,126,0,0,,1,
{F5EAEA8C-6FA4-11D3-9889-00C04FF8FAEB},L,10/22,71,127,0,0,,1,
{F5EAEA8D-6FA4-11D3-9889-00C04FF8FAEB},L,10/23,71,127,0,0,,1,
{F5EAEA8E-6FA4-11D3-9889-00C04FF8FAEB},L,10/24,72,128,0,0,,1,
{F5EAEA8F-6FA4-11D3-9889-00C04FF8FAEB},L,10/25,72,129,0,0,,1,
{F5EAEA90-6FA4-11D3-9889-00C04FF8FAEB},L,10/26,73,130,0,0,,1,
{F5EAEA91-6FA4-11D3-9889-00C04FF8FAEB},L,10/27,73,131,0,0,,1,
{F5EAEA92-6FA4-11D3-9889-00C04FF8FAEB},L,10/28,73,132,0,0,,1,
{F5EAEA93-6FA4-11D3-9889-00C04FF8FAEB},L,10/29,74,133,0,0,,1,
{F5EAEA94-6FA4-11D3-9889-00C04FF8FAEB},L,10/30,74,133,0,0,,1,
{F5EAEA95-6FA4-11D3-9889-00C04FF8FAEB},L,10/31,75,134,0,0,,1,
{F5EAEA96-6FA4-11D3-9889-00C04FF8FAEB},L,11/01,75,135,0,0,,1,
{F5EAEA97-6FA4-11D3-9889-00C04FF8FAEB},L,11/02,76,136,0,0,,1,
{F5EAEA98-6FA4-11D3-9889-00C04FF8FAEB},L,11/03,76,137,0,0,,1,
{F5EAEA99-6FA4-11D3-9889-00C04FF8FAEB},L,11/04,77,138,0,0,,1,
{F5EAEA9A-6FA4-11D3-9889-00C04FF8FAEB},L,11/05,77,139,0,0,,1,
{F5EAEA9B-6FA4-11D3-9889-00C04FF8FAEB},L,11/06,78,140,0,0,,1,
{F5EAEA9C-6FA4-11D3-9889-00C04FF8FAEB},L,11/07,78,141,0,0,,1,
{F5EAEA9D-6FA4-11D3-9889-00C04FF8FAEB},L,11/08,79,142,0,0,,1,
{F5EAEA9E-6FA4-11D3-9889-00C04FF8FAEB},L,11/09,79,143,0,0,,1,
{F5EAEA9F-6FA4-11D3-9889-00C04FF8FAEB},L,11/10,80,143,0,0,,1,
{F5EAEAA0-6FA4-11D3-9889-00C04FF8FAEB},L,11/11,80,144,0,0,,1,
{F5EAEAA1-6FA4-11D3-9889-00C04FF8FAEB},L,11/12,81,145,0,0,,1,
{F5EAEAA2-6FA4-11D3-9889-00C04FF8FAEB},L,11/13,81,146,0,0,,1,
{F5EAEAA3-6FA4-11D3-9889-00C04FF8FAEB},L,11/14,82,147,0,0,,1,
{F5EAEAA4-6FA4-11D3-9889-00C04FF8FAEB},L,11/15,83,148,0,0,,1,
{F5EAEAA5-6FA4-11D3-9889-00C04FF8FAEB},L,11/16,83,149,0,0,,1,
{F5EAEAA6-6FA4-11D3-9889-00C04FF8FAEB},L,11/17,84,150,0,0,,1,
{F5EAEAA7-6FA4-11D3-9889-00C04FF8FAEB},L,11/18,84,151,0,0,,1,
{F5EAEAA8-6FA4-11D3-9889-00C04FF8FAEB},L,11/19,85,152,0,0,,1,
{F5EAEAA9-6FA4-11D3-9889-00C04FF8FAEB},L,11/20,85,153,0,0,,1,
{F5EAEAAA-6FA4-11D3-9889-00C04FF8FAEB},L,11/21,86,154,0,0,,1,
{F5EAEAAB-6FA4-11D3-9889-00C04FF8FAEB},L,11/22,86,155,0,0,,1,
{F5EAEAAC-6FA4-11D3-9889-00C04FF8FAEB},L,11/23,87,156,0,0,,1,
{F5EAEAAD-6FA4-11D3-9889-00C04FF8FAEB},L,11/24,88,157,0,0,,1,
{F5EAEAAE-6FA4-11D3-9889-00C04FF8FAEB},L,11/25,88,158,0,0,,1,
{F5EAEAAF-6FA4-11D3-9889-00C04FF8FAEB},L,11/26,89,159,0,0,,1,
{F5EAEAB0-6FA4-11D3-9889-00C04FF8FAEB},L,11/27,89,160,0,0,,1,
{F5EAEAB1-6FA4-11D3-9889-00C04FF8FAEB},L,11/28,90,161,0,0,,1,
{F5EAEAB2-6FA4-11D3-9889-00C04FF8FAEB},L,11/29,90,163,0,0,,1,
{F5EAEAB3-6FA4-11D3-9889-00C04FF8FAEB},L,11/30,91,164,0,0,,1,
{F5EAEAB4-6FA4-11D3-9889-00C04FF8FAEB},L,12/01,92,165,0,0,,1,
{F5EAEAB5-6FA4-11D3-9889-00C04FF8FAEB},L,12/02,92,166,0,0,,1,
{F5EAEAB6-6FA4-11D3-9889-00C04FF8FAEB},L,12/03,93,167,0,0,,1,
{F5EAEAB7-6FA4-11D3-9889-00C04FF8FAEB},L,12/04,93,168,0,0,,1,
{F5EAEAB8-6FA4-11D3-9889-00C04FF8FAEB},L,12/05,94,169,0,0,,1,
{F5EAEAB9-6FA4-11D3-9889-00C04FF8FAEB},L,12/06,95,170,0,0,,1,
{F5EAEABA-6FA4-11D3-9889-00C04FF8FAEB},L,12/07,95,171,0,0,,1,
{F5EAEABB-6FA4-11D3-9889-00C04FF8FAEB},L,12/08,96,172,0,0,,1,
{F5EAEABC-6FA4-11D3-9889-00C04FF8FAEB},L,12/09,96,174,0,0,,1,
{F5EAEABD-6FA4-11D3-9889-00C04FF8FAEB},L,12/10,97,175,0,0,,1,
{F5EAEABE-6FA4-11D3-9889-00C04FF8FAEB},L,12/11,98,176,0,0,,1,
{F5EAEABF-6FA4-11D3-9889-00C04FF8FAEB},L,12/12,98,177,0,0,,1,
{F5EAEAC0-6FA4-11D3-9889-00C04FF8FAEB},L,12/13,99,178,0,0,,1,
{F5EAEAC1-6FA4-11D3-9889-00C04FF8FAEB},L,12/14,100,179,0,0,,1,
{F5EAEAC2-6FA4-11D3-9889-00C04FF8FAEB},L,12/15,100,181,0,0,,1,
{F5EAEAC3-6FA4-11D3-9889-00C04FF8FAEB},L,12/16,101,182,0,0,,1,
{F5EAEAC4-6FA4-11D3-9889-00C04FF8FAEB},L,12/17,102,183,0,0,,1,
{F5EAEAC5-6FA4-11D3-9889-00C04FF8FAEB},L,12/18,102,184,0,0,,1,
{F5EAEAC6-6FA4-11D3-9889-00C04FF8FAEB},L,12/19,103,185,0,0,,1,
{F5EAEAC7-6FA4-11D3-9889-00C04FF8FAEB},L,12/20,104,187,0,0,,1,
{F5EAEAC8-6FA4-11D3-9889-00C04FF8FAEB},L,12/21,104,188,0,0,,1,
{F5EAEAC9-6FA4-11D3-9889-00C04FF8FAEB},L,12/22,105,189,0,0,,1,
{F5EAEACA-6FA4-11D3-9889-00C04FF8FAEB},L,12/23,106,190,0,0,,1,
{F5EAEACB-6FA4-11D3-9889-00C04FF8FAEB},L,12/24,106,192,0,0,,1,
{F5EAEACC-6FA4-11D3-9889-00C04FF8FAEB},L,12/25,107,193,0,0,,1,
{F5EAEACD-6FA4-11D3-9889-00C04FF8FAEB},L,12/26,108,194,0,0,,1,
{F5EAEACE-6FA4-11D3-9889-00C04FF8FAEB},L,12/27,108,195,0,0,,1,
{F5EAEACF-6FA4-11D3-9889-00C04FF8FAEB},L,12/28,109,197,0,0,,1,
{F5EAEAD0-6FA4-11D3-9889-00C04FF8FAEB},L,12/29,110,198,0,0,,1,
{F5EAEAD1-6FA4-11D3-9889-00C04FF8FAEB},L,12/30,111,199,0,0,,1,
{F5EAEAD2-6FA4-11D3-9889-00C04FF8FAEB},L,12/31,111,201,0,0,,1,
{F5EAEAD3-6FA4-11D3-9889-00C04FF8FAEB},S,01/01,42,55,0,0,,1,
{F5EAEAD4-6FA4-11D3-9889-00C04FF8FAEB},S,01/02,42,55,0,0,,1,
{F5EAEAD5-6FA4-11D3-9889-00C04FF8FAEB},S,01/03,42,56,0,0,,1,
{F5EAEAD6-6FA4-11D3-9889-00C04FF8FAEB},S,01/04,42,56,0,0,,1,
{F5EAEAD7-6FA4-11D3-9889-00C04FF8FAEB},S,01/05,43,56,0,0,,1,
{F5EAEAD8-6FA4-11D3-9889-00C04FF8FAEB},S,01/06,43,57,0,0,,1,
{F5EAEAD9-6FA4-11D3-9889-00C04FF8FAEB},S,01/07,43,57,0,0,,1,
{F5EAEADA-6FA4-11D3-9889-00C04FF8FAEB},S,01/08,44,58,0,0,,1,
{F5EAEADB-6FA4-11D3-9889-00C04FF8FAEB},S,01/09,44,58,0,0,,1,
{F5EAEADC-6FA4-11D3-9889-00C04FF8FAEB},S,01/10,44,58,0,0,,1,
{F5EAEADD-6FA4-11D3-9889-00C04FF8FAEB},S,01/11,44,59,0,0,,1,
{F5EAEADE-6FA4-11D3-9889-00C04FF8FAEB},S,01/12,45,59,0,0,,1,
{F5EAEADF-6FA4-11D3-9889-00C04FF8FAEB},S,01/13,45,59,0,0,,1,
{F5EAEAE0-6FA4-11D3-9889-00C04FF8FAEB},S,01/14,45,60,0,0,,1,
{F5EAEAE1-6FA4-11D3-9889-00C04FF8FAEB},S,01/15,46,60,0,0,,1,
{F5EAEAE2-6FA4-11D3-9889-00C04FF8FAEB},S,01/16,46,61,0,0,,1,
{F5EAEAE3-6FA4-11D3-9889-00C04FF8FAEB},S,01/17,46,61,0,0,,1,
{F5EAEAE4-6FA4-11D3-9889-00C04FF8FAEB},S,01/18,46,61,0,0,,1,
{F5EAEAE5-6FA4-11D3-9889-00C04FF8FAEB},S,01/19,47,62,0,0,,1,
{F5EAEAE6-6FA4-11D3-9889-00C04FF8FAEB},S,01/20,47,62,0,0,,1,
{F5EAEAE7-6FA4-11D3-9889-00C04FF8FAEB},S,01/21,47,63,0,0,,1,
{F5EAEAE8-6FA4-11D3-9889-00C04FF8FAEB},S,01/22,48,63,0,0,,1,
{F5EAEAE9-6FA4-11D3-9889-00C04FF8FAEB},S,01/23,48,64,0,0,,1,
{F5EAEAEA-6FA4-11D3-9889-00C04FF8FAEB},S,01/24,48,64,0,0,,1,
{F5EAEAEB-6FA4-11D3-9889-00C04FF8FAEB},S,01/25,49,64,0,0,,1,
{F5EAEAEC-6FA4-11D3-9889-00C04FF8FAEB},S,01/26,49,65,0,0,,1,
{F5EAEAED-6FA4-11D3-9889-00C04FF8FAEB},S,01/27,49,65,0,0,,1,
{F5EAEAEE-6FA4-11D3-9889-00C04FF8FAEB},S,01/28,50,66,0,0,,1,
{F5EAEAEF-6FA4-11D3-9889-00C04FF8FAEB},S,01/29,50,66,0,0,,1,
{F5EAEAF0-6FA4-11D3-9889-00C04FF8FAEB},S,01/30,50,67,0,0,,1,
{F5EAEAF1-6FA4-11D3-9889-00C04FF8FAEB},S,01/31,51,67,0,0,,1,
{F5EAEAF2-6FA4-11D3-9889-00C04FF8FAEB},S,02/01,51,67,0,0,,1,
{F5EAEAF3-6FA4-11D3-9889-00C04FF8FAEB},S,02/02,51,68,0,0,,1,
{F5EAEAF4-6FA4-11D3-9889-00C04FF8FAEB},S,02/03,51,68,0,0,,1,
{F5EAEAF5-6FA4-11D3-9889-00C04FF8FAEB},S,02/04,52,69,0,0,,1,
{F5EAEAF6-6FA4-11D3-9889-00C04FF8FAEB},S,02/05,52,69,0,0,,1,
{F5EAEAF7-6FA4-11D3-9889-00C04FF8FAEB},S,02/06,52,70,0,0,,1,
{F5EAEAF8-6FA4-11D3-9889-00C04FF8FAEB},S,02/07,53,70,0,0,,1,
{F5EAEAF9-6FA4-11D3-9889-00C04FF8FAEB},S,02/08,53,71,0,0,,1,
{F5EAEAFA-6FA4-11D3-9889-00C04FF8FAEB},S,02/09,54,71,0,0,,1,
{F5EAEAFB-6FA4-11D3-9889-00C04FF8FAEB},S,02/10,54,72,0,0,,1,
{F5EAEAFC-6FA4-11D3-9889-00C04FF8FAEB},S,02/11,54,72,0,0,,1,
{F5EAEAFD-6FA4-11D3-9889-00C04FF8FAEB},S,02/12,55,72,0,0,,1,
{F5EAEAFE-6FA4-11D3-9889-00C04FF8FAEB},S,02/13,55,73,0,0,,1,
{F5EAEAFF-6FA4-11D3-9889-00C04FF8FAEB},S,02/14,55,73,0,0,,1,
{F5EAEB00-6FA4-11D3-9889-00C04FF8FAEB},S,02/15,56,74,0,0,,1,
{F5EAEB01-6FA4-11D3-9889-00C04FF8FAEB},S,02/16,56,74,0,0,,1,
{F5EAEB02-6FA4-11D3-9889-00C04FF8FAEB},S,02/17,56,75,0,0,,1,
{F5EAEB03-6FA4-11D3-9889-00C04FF8FAEB},S,02/18,57,75,0,0,,1,
{F5EAEB04-6FA4-11D3-9889-00C04FF8FAEB},S,02/19,57,76,0,0,,1,
{F5EAEB05-6FA4-11D3-9889-00C04FF8FAEB},S,02/20,57,76,0,0,,1,
{F5EAEB06-6FA4-11D3-9889-00C04FF8FAEB},S,02/21,58,77,0,0,,1,
{F5EAEB07-6FA4-11D3-9889-00C04FF8FAEB},S,02/22,58,77,0,0,,1,
{F5EAEB08-6FA4-11D3-9889-00C04FF8FAEB},S,02/23,59,78,0,0,,1,
{F5EAEB09-6FA4-11D3-9889-00C04FF8FAEB},S,02/24,59,78,0,0,,1,
{F5EAEB0A-6FA4-11D3-9889-00C04FF8FAEB},S,02/25,59,79,0,0,,1,
{F5EAEB0B-6FA4-11D3-9889-00C04FF8FAEB},S,02/26,60,79,0,0,,1,
{F5EAEB0C-6FA4-11D3-9889-00C04FF8FAEB},S,02/27,60,80,0,0,,1,
{F5EAEB0D-6FA4-11D3-9889-00C04FF8FAEB},S,02/28,60,80,0,0,,1,
{F5EAEB0E-6FA4-11D3-9889-00C04FF8FAEB},S,02/29,61,81,0,0,,1,
{F5EAEB0F-6FA4-11D3-9889-00C04FF8FAEB},S,03/01,61,82,0,0,,1,
{F5EAEB10-6FA4-11D3-9889-00C04FF8FAEB},S,03/02,62,82,0,0,,1,
{F5EAEB11-6FA4-11D3-9889-00C04FF8FAEB},S,03/03,62,83,0,0,,1,
{F5EAEB12-6FA4-11D3-9889-00C04FF8FAEB},S,03/04,62,83,0,0,,1,
{F5EAEB13-6FA4-11D3-9889-00C04FF8FAEB},S,03/05,63,84,0,0,,1,
{F5EAEB14-6FA4-11D3-9889-00C04FF8FAEB},S,03/06,63,84,0,0,,1,
{F5EAEB15-6FA4-11D3-9889-00C04FF8FAEB},S,03/07,64,85,0,0,,1,
{F5EAEB16-6FA4-11D3-9889-00C04FF8FAEB},S,03/08,64,85,0,0,,1,
{F5EAEB17-6FA4-11D3-9889-00C04FF8FAEB},S,03/09,65,86,0,0,,1,
{F5EAEB18-6FA4-11D3-9889-00C04FF8FAEB},S,03/10,65,87,0,0,,1,
{F5EAEB19-6FA4-11D3-9889-00C04FF8FAEB},S,03/11,65,87,0,0,,1,
{F5EAEB1A-6FA4-11D3-9889-00C04FF8FAEB},S,03/12,66,88,0,0,,1,
{F5EAEB1B-6FA4-11D3-9889-00C04FF8FAEB},S,03/13,66,88,0,0,,1,
{F5EAEB1C-6FA4-11D3-9889-00C04FF8FAEB},S,03/14,67,89,0,0,,1,
{F5EAEB1D-6FA4-11D3-9889-00C04FF8FAEB},S,03/15,67,89,0,0,,1,
{F5EAEB1E-6FA4-11D3-9889-00C04FF8FAEB},S,03/16,68,90,0,0,,1,
{F5EAEB1F-6FA4-11D3-9889-00C04FF8FAEB},S,03/17,68,91,0,0,,1,
{F5EAEB20-6FA4-11D3-9889-00C04FF8FAEB},S,03/18,68,91,0,0,,1,
{F5EAEB21-6FA4-11D3-9889-00C04FF8FAEB},S,03/19,69,92,0,0,,1,
{F5EAEB22-6FA4-11D3-9889-00C04FF8FAEB},S,03/20,69,92,0,0,,1,
{F5EAEB23-6FA4-11D3-9889-00C04FF8FAEB},S,03/21,70,93,0,0,,1,
{F5EAEB24-6FA4-11D3-9889-00C04FF8FAEB},S,03/22,70,94,0,0,,1,
{F5EAEB25-6FA4-11D3-9889-00C04FF8FAEB},S,03/23,71,94,0,0,,1,
{F5EAEB26-6FA4-11D3-9889-00C04FF8FAEB},S,03/24,71,95,0,0,,1,
{F5EAEB27-6FA4-11D3-9889-00C04FF8FAEB},S,03/25,72,95,0,0,,1,
{F5EAEB28-6FA4-11D3-9889-00C04FF8FAEB},S,03/26,72,96,0,0,,1,
{F5EAEB29-6FA4-11D3-9889-00C04FF8FAEB},S,03/27,73,97,0,0,,1,
{F5EAEB2A-6FA4-11D3-9889-00C04FF8FAEB},S,03/28,73,97,0,0,,1,
{F5EAEB2B-6FA4-11D3-9889-00C04FF8FAEB},S,03/29,73,98,0,0,,1,
{F5EAEB2C-6FA4-11D3-9889-00C04FF8FAEB},S,03/30,74,99,0,0,,1,
{F5EAEB2D-6FA4-11D3-9889-00C04FF8FAEB},S,03/31,74,99,0,0,,1,
{F5EAEB2E-6FA4-11D3-9889-00C04FF8FAEB},S,04/01,75,100,0,0,,1,
{F5EAEB2F-6FA4-11D3-9889-00C04FF8FAEB},S,04/02,75,101,0,0,,1,
{F5EAEB30-6FA4-11D3-9889-00C04FF8FAEB},S,04/03,76,101,0,0,,1,
{F5EAEB31-6FA4-11D3-9889-00C04FF8FAEB},S,04/04,76,102,0,0,,1,
{F5EAEB32-6FA4-11D3-9889-00C04FF8FAEB},S,04/05,77,103,0,0,,1,
{F5EAEB33-6FA4-11D3-9889-00C04FF8FAEB},S,04/06,77,103,0,0,,1,
{F5EAEB34-6FA4-11D3-9889-00C04FF8FAEB},S,04/07,78,104,0,0,,1,
{F5EAEB35-6FA4-11D3-9889-00C04FF8FAEB},S,04/08,78,105,0,0,,1,
{F5EAEB36-6FA4-11D3-9889-00C04FF8FAEB},S,04/09,79,105,0,0,,1,
{F5EAEB37-6FA4-11D3-9889-00C04FF8FAEB},S,04/10,79,106,0,0,,1,
{F5EAEB38-6FA4-11D3-9889-00C04FF8FAEB},S,04/11,80,107,0,0,,1,
{F5EAEB39-6FA4-11D3-9889-00C04FF8FAEB},S,04/12,80,107,0,0,,1,
{F5EAEB3A-6FA4-11D3-9889-00C04FF8FAEB},S,04/13,81,108,0,0,,1,
{F5EAEB3B-6FA4-11D3-9889-00C04FF8FAEB},S,04/14,81,109,0,0,,1,
{F5EAEB3C-6FA4-11D3-9889-00C04FF8FAEB},S,04/15,82,110,0,0,,1,
{F5EAEB3D-6FA4-11D3-9889-00C04FF8FAEB},S,04/16,83,110,0,0,,1,
{F5EAEB3E-6FA4-11D3-9889-00C04FF8FAEB},S,04/17,83,111,0,0,,1,
{F5EAEB3F-6FA4-11D3-9889-00C04FF8FAEB},S,04/18,84,112,0,0,,1,
{F5EAEB40-6FA4-11D3-9889-00C04FF8FAEB},S,04/19,84,112,0,0,,1,
{F5EAEB41-6FA4-11D3-9889-00C04FF8FAEB},S,04/20,85,113,0,0,,1,
{F5EAEB42-6FA4-11D3-9889-00C04FF8FAEB},S,04/21,85,114,0,0,,1,
{F5EAEB43-6FA4-11D3-9889-00C04FF8FAEB},S,04/22,86,115,0,0,,1,
{F5EAEB44-6FA4-11D3-9889-00C04FF8FAEB},S,04/23,86,115,0,0,,1,
{F5EAEB45-6FA4-11D3-9889-00C04FF8FAEB},S,04/24,87,116,0,0,,1,
{F5EAEB46-6FA4-11D3-9889-00C04FF8FAEB},S,04/25,88,117,0,0,,1,
{F5EAEB47-6FA4-11D3-9889-00C04FF8FAEB},S,04/26,88,118,0,0,,1,
{F5EAEB48-6FA4-11D3-9889-00C04FF8FAEB},S,04/27,89,119,0,0,,1,
{F5EAEB49-6FA4-11D3-9889-00C04FF8FAEB},S,04/28,89,119,0,0,,1,
{F5EAEB4A-6FA4-11D3-9889-00C04FF8FAEB},S,04/29,90,120,0,0,,1,
{F5EAEB4B-6FA4-11D3-9889-00C04FF8FAEB},S,04/30,90,121,0,0,,1,
{F5EAEB4C-6FA4-11D3-9889-00C04FF8FAEB},S,05/01,91,122,0,0,,1,
{F5EAEB4D-6FA4-11D3-9889-00C04FF8FAEB},S,05/02,92,123,0,0,,1,
{F5EAEB4E-6FA4-11D3-9889-00C04FF8FAEB},S,05/03,92,123,0,0,,1,
{F5EAEB4F-6FA4-11D3-9889-00C04FF8FAEB},S,05/04,93,124,0,0,,1,
{F5EAEB50-6FA4-11D3-9889-00C04FF8FAEB},S,05/05,93,125,0,0,,1,
{F5EAEB51-6FA4-11D3-9889-00C04FF8FAEB},S,05/06,94,126,0,0,,1,
{F5EAEB52-6FA4-11D3-9889-00C04FF8FAEB},S,05/07,95,127,0,0,,1,
{F5EAEB53-6FA4-11D3-9889-00C04FF8FAEB},S,05/08,95,127,0,0,,1,
{F5EAEB54-6FA4-11D3-9889-00C04FF8FAEB},S,05/09,96,128,0,0,,1,
{F5EAEB55-6FA4-11D3-9889-00C04FF8FAEB},S,05/10,96,129,0,0,,1,
{F5EAEB56-6FA4-11D3-9889-00C04FF8FAEB},S,05/11,97,130,0,0,,1,
{F5EAEB57-6FA4-11D3-9889-00C04FF8FAEB},S,05/12,98,131,0,0,,1,
{F5EAEB58-6FA4-11D3-9889-00C04FF8FAEB},S,05/13,98,132,0,0,,1,
{F5EAEB59-6FA4-11D3-9889-00C04FF8FAEB},S,05/14,99,133,0,0,,1,
{F5EAEB5A-6FA4-11D3-9889-00C04FF8FAEB},S,05/15,100,133,0,0,,1,
{F5EAEB5B-6FA4-11D3-9889-00C04FF8FAEB},S,05/16,100,134,0,0,,1,
{F5EAEB5C-6FA4-11D3-9889-00C04FF8FAEB},S,05/17,101,135,0,0,,1,
{F5EAEB5D-6FA4-11D3-9889-00C04FF8FAEB},S,05/18,102,136,0,0,,1,
{F5EAEB5E-6FA4-11D3-9889-00C04FF8FAEB},S,05/19,102,137,0,0,,1,
{F5EAEB5F-6FA4-11D3-9889-00C04FF8FAEB},S,05/20,103,138,0,0,,1,
{F5EAEB60-6FA4-11D3-9889-00C04FF8FAEB},S,05/21,104,139,0,0,,1,
{F5EAEB61-6FA4-11D3-9889-00C04FF8FAEB},S,05/22,104,140,0,0,,1,
{F5EAEB62-6FA4-11D3-9889-00C04FF8FAEB},S,05/23,105,141,0,0,,1,
{F5EAEB63-6FA4-11D3-9889-00C04FF8FAEB},S,05/24,106,142,0,0,,1,
{F5EAEB64-6FA4-11D3-9889-00C04FF8FAEB},S,05/25,106,143,0,0,,1,
{F5EAEB65-6FA4-11D3-9889-00C04FF8FAEB},S,05/26,107,143,0,0,,1,
{F5EAEB66-6FA4-11D3-9889-00C04FF8FAEB},S,05/27,108,144,0,0,,1,
{F5EAEB67-6FA4-11D3-9889-00C04FF8FAEB},S,05/28,108,145,0,0,,1,
{F5EAEB68-6FA4-11D3-9889-00C04FF8FAEB},S,05/29,109,146,0,0,,1,
{F5EAEB69-6FA4-11D3-9889-00C04FF8FAEB},S,05/30,110,147,0,0,,1,
{F5EAEB6A-6FA4-11D3-9889-00C04FF8FAEB},S,05/31,111,148,0,0,,1,
{F5EAEB6B-6FA4-11D3-9889-00C04FF8FAEB},S,06/01,111,149,0,0,,1,
{F5EAEB6C-6FA4-11D3-9889-00C04FF8FAEB},S,06/02,112,150,0,0,,1,
{F5EAEB6D-6FA4-11D3-9889-00C04FF8FAEB},S,06/03,113,151,0,0,,1,
{F5EAEB6E-6FA4-11D3-9889-00C04FF8FAEB},S,06/04,113,152,0,0,,1,
{F5EAEB6F-6FA4-11D3-9889-00C04FF8FAEB},S,06/05,114,153,0,0,,1,
{F5EAEB70-6FA4-11D3-9889-00C04FF8FAEB},S,06/06,115,154,0,0,,1,
{F5EAEB71-6FA4-11D3-9889-00C04FF8FAEB},S,06/07,116,155,0,0,,1,
{F5EAEB72-6FA4-11D3-9889-00C04FF8FAEB},S,06/08,116,156,0,0,,1,
{F5EAEB73-6FA4-11D3-9889-00C04FF8FAEB},S,06/09,117,157,0,0,,1,
{F5EAEB74-6FA4-11D3-9889-00C04FF8FAEB},S,06/10,118,158,0,0,,1,
{F5EAEB75-6FA4-11D3-9889-00C04FF8FAEB},S,06/11,119,159,0,0,,1,
{F5EAEB76-6FA4-11D3-9889-00C04FF8FAEB},S,06/12,120,160,0,0,,1,
{F5EAEB77-6FA4-11D3-9889-00C04FF8FAEB},S,06/13,120,161,0,0,,1,
{F5EAEB78-6FA4-11D3-9889-00C04FF8FAEB},S,06/14,121,163,0,0,,1,
{F5EAEB79-6FA4-11D3-9889-00C04FF8FAEB},S,06/15,122,164,0,0,,1,
{F5EAEB7A-6FA4-11D3-9889-00C04FF8FAEB},S,06/16,123,165,0,0,,1,
{F5EAEB7B-6FA4-11D3-9889-00C04FF8FAEB},S,06/17,124,166,0,0,,1,
{F5EAEB7C-6FA4-11D3-9889-00C04FF8FAEB},S,06/18,124,167,0,0,,1,
{F5EAEB7D-6FA4-11D3-9889-00C04FF8FAEB},S,06/19,125,168,0,0,,1,
{F5EAEB7E-6FA4-11D3-9889-00C04FF8FAEB},S,06/20,126,169,0,0,,1,
{F5EAEB7F-6FA4-11D3-9889-00C04FF8FAEB},S,06/21,127,170,0,0,,1,
{F5EAEB80-6FA4-11D3-9889-00C04FF8FAEB},S,06/22,128,171,0,0,,1,
{F5EAEB81-6FA4-11D3-9889-00C04FF8FAEB},S,06/23,128,172,0,0,,1,
{F5EAEB82-6FA4-11D3-9889-00C04FF8FAEB},S,06/24,129,174,0,0,,1,
{F5EAEB83-6FA4-11D3-9889-00C04FF8FAEB},S,06/25,130,175,0,0,,1,
{F5EAEB84-6FA4-11D3-9889-00C04FF8FAEB},S,06/26,131,176,0,0,,1,
{F5EAEB85-6FA4-11D3-9889-00C04FF8FAEB},S,06/27,132,177,0,0,,1,
{F5EAEB86-6FA4-11D3-9889-00C04FF8FAEB},S,06/28,133,178,0,0,,1,
{F5EAEB87-6FA4-11D3-9889-00C04FF8FAEB},S,06/29,134,179,0,0,,1,
{F5EAEB88-6FA4-11D3-9889-00C04FF8FAEB},S,06/30,134,181,0,0,,1,
{F5EAEB89-6FA4-11D3-9889-00C04FF8FAEB},S,07/01,135,182,0,0,,1,
{F5EAEB8A-6FA4-11D3-9889-00C04FF8FAEB},S,07/02,136,183,0,0,,1,
{F5EAEB8B-6FA4-11D3-9889-00C04FF8FAEB},S,07/03,137,184,0,0,,1,
{F5EAEB8C-6FA4-11D3-9889-00C04FF8FAEB},S,07/04,138,185,0,0,,1,
{F5EAEB8D-6FA4-11D3-9889-00C04FF8FAEB},S,07/05,139,187,0,0,,1,
{F5EAEB8E-6FA4-11D3-9889-00C04FF8FAEB},S,07/06,140,188,0,0,,1,
{F5EAEB8F-6FA4-11D3-9889-00C04FF8FAEB},S,07/07,141,189,0,0,,1,
{F5EAEB90-6FA4-11D3-9889-00C04FF8FAEB},S,07/08,142,190,0,0,,1,
{F5EAEB91-6FA4-11D3-9889-00C04FF8FAEB},S,07/09,143,192,0,0,,1,
{F5EAEB92-6FA4-11D3-9889-00C04FF8FAEB},S,07/10,144,193,0,0,,1,
{F5EAEB93-6FA4-11D3-9889-00C04FF8FAEB},S,07/11,144,194,0,0,,1,
{F5EAEB94-6FA4-11D3-9889-00C04FF8FAEB},S,07/12,145,195,0,0,,1,
{F5EAEB95-6FA4-11D3-9889-00C04FF8FAEB},S,07/13,146,197,0,0,,1,
{F5EAEB96-6FA4-11D3-9889-00C04FF8FAEB},S,07/14,147,198,0,0,,1,
{F5EAEB97-6FA4-11D3-9889-00C04FF8FAEB},S,07/15,148,199,0,0,,1,
{F5EAEB98-6FA4-11D3-9889-00C04FF8FAEB},S,07/16,149,201,0,0,,1,
{F5EAEB99-6FA4-11D3-9889-00C04FF8FAEB},S,07/17,150,202,0,0,,1,
{F5EAEB9A-6FA4-11D3-9889-00C04FF8FAEB},S,07/18,151,203,0,0,,1,
{F5EAEB9B-6FA4-11D3-9889-00C04FF8FAEB},S,07/19,152,205,0,0,,1,
{F5EAEB9C-6FA4-11D3-9889-00C04FF8FAEB},S,07/20,153,206,0,0,,1,
{F5EAEB9D-6FA4-11D3-9889-00C04FF8FAEB},S,07/21,154,207,0,0,,1,
{F5EAEB9E-6FA4-11D3-9889-00C04FF8FAEB},S,07/22,155,209,0,0,,1,
{F5EAEB9F-6FA4-11D3-9889-00C04FF8FAEB},S,07/23,156,210,0,0,,1,
{F5EAEBA0-6FA4-11D3-9889-00C04FF8FAEB},S,07/24,157,211,0,0,,1,
{F5EAEBA1-6FA4-11D3-9889-00C04FF8FAEB},S,07/25,158,213,0,0,,1,
{F5EAEBA2-6FA4-11D3-9889-00C04FF8FAEB},S,07/26,159,214,0,0,,1,
{F5EAEBA3-6FA4-11D3-9889-00C04FF8FAEB},S,07/27,160,216,0,0,,1,
{F5EAEBA4-6FA4-11D3-9889-00C04FF8FAEB},S,07/28,161,217,0,0,,1,
{F5EAEBA5-6FA4-11D3-9889-00C04FF8FAEB},S,07/29,162,218,0,0,,1,
{F5EAEBA6-6FA4-11D3-9889-00C04FF8FAEB},S,07/30,164,220,0,0,,1,
{F5EAEBA7-6FA4-11D3-9889-00C04FF8FAEB},S,07/31,165,221,0,0,,1,
{F5EAEBA8-6FA4-11D3-9889-00C04FF8FAEB},S,08/01,166,223,0,0,,1,
{F5EAEBA9-6FA4-11D3-9889-00C04FF8FAEB},S,08/02,167,224,0,0,,1,
{F5EAEBAA-6FA4-11D3-9889-00C04FF8FAEB},S,08/03,168,226,0,0,,1,
{F5EAEBAB-6FA4-11D3-9889-00C04FF8FAEB},S,08/04,169,227,0,0,,1,
{F5EAEBAC-6FA4-11D3-9889-00C04FF8FAEB},S,08/05,170,229,0,0,,1,
{F5EAEBAD-6FA4-11D3-9889-00C04FF8FAEB},S,08/06,171,230,0,0,,1,
{F5EAEBAE-6FA4-11D3-9889-00C04FF8FAEB},S,08/07,172,232,0,0,,1,
{F5EAEBAF-6FA4-11D3-9889-00C04FF8FAEB},S,08/08,173,233,0,0,,1,
{F5EAEBB0-6FA4-11D3-9889-00C04FF8FAEB},S,08/09,175,235,0,0,,1,
{F5EAEBB1-6FA4-11D3-9889-00C04FF8FAEB},S,08/10,176,236,0,0,,1,
{F5EAEBB2-6FA4-11D3-9889-00C04FF8FAEB},S,08/11,177,238,0,0,,1,
{F5EAEBB3-6FA4-11D3-9889-00C04FF8FAEB},S,08/12,178,239,0,0,,1,
{F5EAEBB4-6FA4-11D3-9889-00C04FF8FAEB},S,08/13,179,241,0,0,,1,
{F5EAEBB5-6FA4-11D3-9889-00C04FF8FAEB},S,08/14,180,243,0,0,,1,
{F5EAEBB6-6FA4-11D3-9889-00C04FF8FAEB},S,08/15,182,244,0,0,,1,
{F5EAEBB7-6FA4-11D3-9889-00C04FF8FAEB},S,08/16,183,246,0,0,,1,
{F5EAEBB8-6FA4-11D3-9889-00C04FF8FAEB},S,08/17,184,247,0,0,,1,
{F5EAEBB9-6FA4-11D3-9889-00C04FF8FAEB},S,08/18,185,249,0,0,,1,
{F5EAEBBA-6FA4-11D3-9889-00C04FF8FAEB},S,08/19,186,251,0,0,,1,
{F5EAEBBB-6FA4-11D3-9889-00C04FF8FAEB},S,08/20,188,252,0,0,,1,
{F5EAEBBC-6FA4-11D3-9889-00C04FF8FAEB},S,08/21,189,254,0,0,,1,
{F5EAEBBD-6FA4-11D3-9889-00C04FF8FAEB},S,08/22,190,256,0,0,,1,
{F5EAEBBE-6FA4-11D3-9889-00C04FF8FAEB},S,08/23,191,257,0,0,,1,
{F5EAEBBF-6FA4-11D3-9889-00C04FF8FAEB},S,08/24,193,259,0,0,,1,
{F5EAEBC0-6FA4-11D3-9889-00C04FF8FAEB},S,08/25,194,261,0,0,,1,
{F5EAEBC1-6FA4-11D3-9889-00C04FF8FAEB},S,08/26,195,262,0,0,,1,
{F5EAEBC2-6FA4-11D3-9889-00C04FF8FAEB},S,08/27,196,264,0,0,,1,
{F5EAEBC3-6FA4-11D3-9889-00C04FF8FAEB},S,08/28,198,266,0,0,,1,
{F5EAEBC4-6FA4-11D3-9889-00C04FF8FAEB},S,08/29,199,268,0,0,,1,
{F5EAEBC5-6FA4-11D3-9889-00C04FF8FAEB},S,08/30,200,269,0,0,,1,
{F5EAEBC6-6FA4-11D3-9889-00C04FF8FAEB},S,08/31,202,270,0,0,,1,
{F5EAEBC7-6FA4-11D3-9889-00C04FF8FAEB},S,09/01,203,270,0,0,,1,
{F5EAEBC8-6FA4-11D3-9889-00C04FF8FAEB},S,09/02,204,270,0,0,,1,
{F5EAEBC9-6FA4-11D3-9889-00C04FF8FAEB},S,09/03,206,270,0,0,,1,
{F5EAEBCA-6FA4-11D3-9889-00C04FF8FAEB},S,09/04,207,270,0,0,,1,
{F5EAEBCB-6FA4-11D3-9889-00C04FF8FAEB},S,09/05,208,270,0,0,,1,
{F5EAEBCC-6FA4-11D3-9889-00C04FF8FAEB},S,09/06,210,270,0,0,,1,
{F5EAEBCD-6FA4-11D3-9889-00C04FF8FAEB},S,09/07,211,270,0,0,,1,
{F5EAEBCE-6FA4-11D3-9889-00C04FF8FAEB},S,09/08,212,270,0,0,,1,
{F5EAEBCF-6FA4-11D3-9889-00C04FF8FAEB},S,09/09,214,270,0,0,,1,
{F5EAEBD0-6FA4-11D3-9889-00C04FF8FAEB},S,09/10,215,270,0,0,,1,
{F5EAEBD1-6FA4-11D3-9889-00C04FF8FAEB},S,09/11,217,270,0,0,,1,
{F5EAEBD2-6FA4-11D3-9889-00C04FF8FAEB},S,09/12,218,270,0,0,,1,
{F5EAEBD3-6FA4-11D3-9889-00C04FF8FAEB},S,09/13,219,270,0,0,,1,
{F5EAEBD4-6FA4-11D3-9889-00C04FF8FAEB},S,09/14,221,270,0,0,,1,
{F5EAEBD5-6FA4-11D3-9889-00C04FF8FAEB},S,09/15,222,270,0,0,,1,
{F5EAEBD6-6FA4-11D3-9889-00C04FF8FAEB},S,09/16,224,270,0,0,,1,
{F5EAEBD7-6FA4-11D3-9889-00C04FF8FAEB},S,09/17,225,270,0,0,,1,
{F5EAEBD8-6FA4-11D3-9889-00C04FF8FAEB},S,09/18,227,270,0,0,,1,
{F5EAEBD9-6FA4-11D3-9889-00C04FF8FAEB},S,09/19,228,270,0,0,,1,
{F5EAEBDA-6FA4-11D3-9889-00C04FF8FAEB},S,09/20,230,270,0,0,,1,
{F5EAEBDB-6FA4-11D3-9889-00C04FF8FAEB},S,09/21,231,270,0,0,,1,
{F5EAEBDC-6FA4-11D3-9889-00C04FF8FAEB},S,09/22,233,270,0,0,,1,
{F5EAEBDD-6FA4-11D3-9889-00C04FF8FAEB},S,09/23,234,270,0,0,,1,
{F5EAEBDE-6FA4-11D3-9889-00C04FF8FAEB},S,09/24,236,270,0,0,,1,
{F5EAEBDF-6FA4-11D3-9889-00C04FF8FAEB},S,09/25,237,270,0,0,,1,
{F5EAEBE0-6FA4-11D3-9889-00C04FF8FAEB},S,09/26,239,270,0,0,,1,
{F5EAEBE1-6FA4-11D3-9889-00C04FF8FAEB},S,09/27,240,270,0,0,,1,
{F5EAEBE2-6FA4-11D3-9889-00C04FF8FAEB},S,09/28,242,270,0,0,,1,
{F5EAEBE3-6FA4-11D3-9889-00C04FF8FAEB},S,09/29,244,270,0,0,,1,
{F5EAEBE4-6FA4-11D3-9889-00C04FF8FAEB},S,09/30,245,270,0,0,,1,
{F5EAEBE5-6FA4-11D3-9889-00C04FF8FAEB},S,10/01,247,270,0,0,,1,
{F5EAEBE6-6FA4-11D3-9889-00C04FF8FAEB},S,10/02,248,270,0,0,,1,
{F5EAEBE7-6FA4-11D3-9889-00C04FF8FAEB},S,10/03,250,270,0,0,,1,
{F5EAEBE8-6FA4-11D3-9889-00C04FF8FAEB},S,10/04,252,270,0,0,,1,
{F5EAEBE9-6FA4-11D3-9889-00C04FF8FAEB},S,10/05,253,270,0,0,,1,
{F5EAEBEA-6FA4-11D3-9889-00C04FF8FAEB},S,10/06,255,270,0,0,,1,
{F5EAEBEB-6FA4-11D3-9889-00C04FF8FAEB},S,10/07,257,270,0,0,,1,
{F5EAEBEC-6FA4-11D3-9889-00C04FF8FAEB},S,10/08,258,270,0,0,,1,
{F5EAEBED-6FA4-11D3-9889-00C04FF8FAEB},S,10/09,260,270,0,0,,1,
{F5EAEBEE-6FA4-11D3-9889-00C04FF8FAEB},S,10/10,262,270,0,0,,1,
{F5EAEBEF-6FA4-11D3-9889-00C04FF8FAEB},S,10/11,263,270,0,0,,1,
{F5EAEBF0-6FA4-11D3-9889-00C04FF8FAEB},S,10/12,265,270,0,0,,1,
{F5EAEBF1-6FA4-11D3-9889-00C04FF8FAEB},S,10/13,267,270,0,0,,1,
{F5EAEBF2-6FA4-11D3-9889-00C04FF8FAEB},S,10/14,269,270,0,0,,1,
{F5EAEBF3-6FA4-11D3-9889-00C04FF8FAEB},S,10/15,270,271,0,0,,1,
{F5EAEBF4-6FA4-11D3-9889-00C04FF8FAEB},S,10/16,0,33,0,0,,1,
{F5EAEBF5-6FA4-11D3-9889-00C04FF8FAEB},S,10/17,0,33,0,0,,1,
{F5EAEBF6-6FA4-11D3-9889-00C04FF8FAEB},S,10/18,0,34,0,0,,1,
{F5EAEBF7-6FA4-11D3-9889-00C04FF8FAEB},S,10/19,0,34,0,0,,1,
{F5EAEBF8-6FA4-11D3-9889-00C04FF8FAEB},S,10/20,0,34,0,0,,1,
{F5EAEBF9-6FA4-11D3-9889-00C04FF8FAEB},S,10/21,0,34,0,0,,1,
{F5EAEBFA-6FA4-11D3-9889-00C04FF8FAEB},S,10/22,0,34,0,0,,1,
{F5EAEBFB-6FA4-11D3-9889-00C04FF8FAEB},S,10/23,0,35,0,0,,1,
{F5EAEBFC-6FA4-11D3-9889-00C04FF8FAEB},S,10/24,0,35,0,0,,1,
{F5EAEBFD-6FA4-11D3-9889-00C04FF8FAEB},S,10/25,0,35,0,0,,1,
{F5EAEBFE-6FA4-11D3-9889-00C04FF8FAEB},S,10/26,0,35,0,0,,1,
{F5EAEBFF-6FA4-11D3-9889-00C04FF8FAEB},S,10/27,0,36,0,0,,1,
{F5EAEC00-6FA4-11D3-9889-00C04FF8FAEB},S,10/28,0,36,0,0,,1,
{F5EAEC01-6FA4-11D3-9889-00C04FF8FAEB},S,10/29,0,36,0,0,,1,
{F5EAEC02-6FA4-11D3-9889-00C04FF8FAEB},S,10/30,0,36,0,0,,1,
{F5EAEC03-6FA4-11D3-9889-00C04FF8FAEB},S,10/31,0,37,0,0,,1,
{F5EAEC04-6FA4-11D3-9889-00C04FF8FAEB},S,11/01,0,37,0,0,,1,
{F5EAEC05-6FA4-11D3-9889-00C04FF8FAEB},S,11/02,0,37,0,0,,1,
{F5EAEC06-6FA4-11D3-9889-00C04FF8FAEB},S,11/03,0,37,0,0,,1,
{F5EAEC07-6FA4-11D3-9889-00C04FF8FAEB},S,11/04,0,38,0,0,,1,
{F5EAEC08-6FA4-11D3-9889-00C04FF8FAEB},S,11/05,0,38,0,0,,1,
{F5EAEC09-6FA4-11D3-9889-00C04FF8FAEB},S,11/06,0,38,0,0,,1,
{F5EAEC0A-6FA4-11D3-9889-00C04FF8FAEB},S,11/07,0,38,0,0,,1,
{F5EAEC0B-6FA4-11D3-9889-00C04FF8FAEB},S,11/08,0,39,0,0,,1,
{F5EAEC0C-6FA4-11D3-9889-00C04FF8FAEB},S,11/09,0,39,0,0,,1,
{F5EAEC0D-6FA4-11D3-9889-00C04FF8FAEB},S,11/10,0,39,0,0,,1,
{F5EAEC0E-6FA4-11D3-9889-00C04FF8FAEB},S,11/11,0,39,0,0,,1,
{F5EAEC0F-6FA4-11D3-9889-00C04FF8FAEB},S,11/12,0,40,0,0,,1,
{F5EAEC10-6FA4-11D3-9889-00C04FF8FAEB},S,11/13,0,40,0,0,,1,
{F5EAEC11-6FA4-11D3-9889-00C04FF8FAEB},S,11/14,0,40,0,0,,1,
{F5EAEC12-6FA4-11D3-9889-00C04FF8FAEB},S,11/15,0,40,0,0,,1,
{F5EAEC13-6FA4-11D3-9889-00C04FF8FAEB},S,11/16,0,41,0,0,,1,
{F5EAEC14-6FA4-11D3-9889-00C04FF8FAEB},S,11/17,0,41,0,0,,1,
{F5EAEC15-6FA4-11D3-9889-00C04FF8FAEB},S,11/18,0,41,0,0,,1,
{F5EAEC16-6FA4-11D3-9889-00C04FF8FAEB},S,11/19,0,41,0,0,,1,
{F5EAEC17-6FA4-11D3-9889-00C04FF8FAEB},S,11/20,0,42,0,0,,1,
{F5EAEC18-6FA4-11D3-9889-00C04FF8FAEB},S,11/21,0,42,0,0,,1,
{F5EAEC19-6FA4-11D3-9889-00C04FF8FAEB},S,11/22,0,42,0,0,,1,
{F5EAEC1A-6FA4-11D3-9889-00C04FF8FAEB},S,11/23,0,43,0,0,,1,
{F5EAEC1B-6FA4-11D3-9889-00C04FF8FAEB},S,11/24,0,43,0,0,,1,
{F5EAEC1C-6FA4-11D3-9889-00C04FF8FAEB},S,11/25,0,43,0,0,,1,
{F5EAEC1D-6FA4-11D3-9889-00C04FF8FAEB},S,11/26,0,43,0,0,,1,
{F5EAEC1E-6FA4-11D3-9889-00C04FF8FAEB},S,11/27,0,44,0,0,,1,
{F5EAEC1F-6FA4-11D3-9889-00C04FF8FAEB},S,11/28,0,44,0,0,,1,
{F5EAEC20-6FA4-11D3-9889-00C04FF8FAEB},S,11/29,0,44,0,0,,1,
{F5EAEC21-6FA4-11D3-9889-00C04FF8FAEB},S,11/30,0,45,0,0,,1,
{F5EAEC22-6FA4-11D3-9889-00C04FF8FAEB},S,12/01,34,45,0,0,,1,
{F5EAEC23-6FA4-11D3-9889-00C04FF8FAEB},S,12/02,34,45,0,0,,1,
{F5EAEC24-6FA4-11D3-9889-00C04FF8FAEB},S,12/03,35,45,0,0,,1,
{F5EAEC25-6FA4-11D3-9889-00C04FF8FAEB},S,12/04,35,46,0,0,,1,
{F5EAEC26-6FA4-11D3-9889-00C04FF8FAEB},S,12/05,35,46,0,0,,1,
{F5EAEC27-6FA4-11D3-9889-00C04FF8FAEB},S,12/06,35,46,0,0,,1,
{F5EAEC28-6FA4-11D3-9889-00C04FF8FAEB},S,12/07,35,47,0,0,,1,
{F5EAEC29-6FA4-11D3-9889-00C04FF8FAEB},S,12/08,36,47,0,0,,1,
{F5EAEC2A-6FA4-11D3-9889-00C04FF8FAEB},S,12/09,36,47,0,0,,1,
{F5EAEC2B-6FA4-11D3-9889-00C04FF8FAEB},S,12/10,36,48,0,0,,1,
{F5EAEC2C-6FA4-11D3-9889-00C04FF8FAEB},S,12/11,36,48,0,0,,1,
{F5EAEC2D-6FA4-11D3-9889-00C04FF8FAEB},S,12/12,37,48,0,0,,1,
{F5EAEC2E-6FA4-11D3-9889-00C04FF8FAEB},S,12/13,37,49,0,0,,1,
{F5EAEC2F-6FA4-11D3-9889-00C04FF8FAEB},S,12/14,37,49,0,0,,1,
{F5EAEC30-6FA4-11D3-9889-00C04FF8FAEB},S,12/15,37,49,0,0,,1,
{F5EAEC31-6FA4-11D3-9889-00C04FF8FAEB},S,12/16,38,50,0,0,,1,
{F5EAEC32-6FA4-11D3-9889-00C04FF8FAEB},S,12/17,38,50,0,0,,1,
{F5EAEC33-6FA4-11D3-9889-00C04FF8FAEB},S,12/18,38,50,0,0,,1,
{F5EAEC34-6FA4-11D3-9889-00C04FF8FAEB},S,12/19,38,50,0,0,,1,
{F5EAEC35-6FA4-11D3-9889-00C04FF8FAEB},S,12/20,39,51,0,0,,1,
{F5EAEC36-6FA4-11D3-9889-00C04FF8FAEB},S,12/21,39,51,0,0,,1,
{F5EAEC37-6FA4-11D3-9889-00C04FF8FAEB},S,12/22,39,51,0,0,,1,
{F5EAEC38-6FA4-11D3-9889-00C04FF8FAEB},S,12/23,39,52,0,0,,1,
{F5EAEC39-6FA4-11D3-9889-00C04FF8FAEB},S,12/24,40,52,0,0,,1,
{F5EAEC3A-6FA4-11D3-9889-00C04FF8FAEB},S,12/25,40,53,0,0,,1,
{F5EAEC3B-6FA4-11D3-9889-00C04FF8FAEB},S,12/26,40,53,0,0,,1,
{F5EAEC3C-6FA4-11D3-9889-00C04FF8FAEB},S,12/27,40,53,0,0,,1,
{F5EAEC3D-6FA4-11D3-9889-00C04FF8FAEB},S,12/28,41,54,0,0,,1,
{F5EAEC3E-6FA4-11D3-9889-00C04FF8FAEB},S,12/29,41,54,0,0,,1,
{F5EAEC3F-6FA4-11D3-9889-00C04FF8FAEB},S,12/30,41,54,0,0,,1,
{F5EAEC40-6FA4-11D3-9889-00C04FF8FAEB},S,12/31,41,55,0,0,,1,
{F5EAEC41-6FA4-11D3-9889-00C04FF8FAEB},W,01/01,56,111,0,0,,1,
{F5EAEC42-6FA4-11D3-9889-00C04FF8FAEB},W,01/02,56,112,0,0,,1,
{F5EAEC43-6FA4-11D3-9889-00C04FF8FAEB},W,01/03,57,112,0,0,,1,
{F5EAEC44-6FA4-11D3-9889-00C04FF8FAEB},W,01/04,57,113,0,0,,1,
{F5EAEC45-6FA4-11D3-9889-00C04FF8FAEB},W,01/05,57,114,0,0,,1,
{F5EAEC46-6FA4-11D3-9889-00C04FF8FAEB},W,01/06,58,115,0,0,,1,
{F5EAEC47-6FA4-11D3-9889-00C04FF8FAEB},W,01/07,58,115,0,0,,1,
{F5EAEC48-6FA4-11D3-9889-00C04FF8FAEB},W,01/08,59,116,0,0,,1,
{F5EAEC49-6FA4-11D3-9889-00C04FF8FAEB},W,01/09,59,117,0,0,,1,
{F5EAEC4A-6FA4-11D3-9889-00C04FF8FAEB},W,01/10,59,118,0,0,,1,
{F5EAEC4B-6FA4-11D3-9889-00C04FF8FAEB},W,01/11,60,119,0,0,,1,
{F5EAEC4C-6FA4-11D3-9889-00C04FF8FAEB},W,01/12,60,119,0,0,,1,
{F5EAEC4D-6FA4-11D3-9889-00C04FF8FAEB},W,01/13,60,120,0,0,,1,
{F5EAEC4E-6FA4-11D3-9889-00C04FF8FAEB},W,01/14,61,121,0,0,,1,
{F5EAEC4F-6FA4-11D3-9889-00C04FF8FAEB},W,01/15,61,122,0,0,,1,
{F5EAEC50-6FA4-11D3-9889-00C04FF8FAEB},W,01/16,62,123,0,0,,1,
{F5EAEC51-6FA4-11D3-9889-00C04FF8FAEB},W,01/17,62,123,0,0,,1,
{F5EAEC52-6FA4-11D3-9889-00C04FF8FAEB},W,01/18,62,124,0,0,,1,
{F5EAEC53-6FA4-11D3-9889-00C04FF8FAEB},W,01/19,63,125,0,0,,1,
{F5EAEC54-6FA4-11D3-9889-00C04FF8FAEB},W,01/20,63,126,0,0,,1,
{F5EAEC55-6FA4-11D3-9889-00C04FF8FAEB},W,01/21,64,127,0,0,,1,
{F5EAEC56-6FA4-11D3-9889-00C04FF8FAEB},W,01/22,64,127,0,0,,1,
{F5EAEC57-6FA4-11D3-9889-00C04FF8FAEB},W,01/23,65,128,0,0,,1,
{F5EAEC58-6FA4-11D3-9889-00C04FF8FAEB},W,01/24,65,129,0,0,,1,
{F5EAEC59-6FA4-11D3-9889-00C04FF8FAEB},W,01/25,65,130,0,0,,1,
{F5EAEC5A-6FA4-11D3-9889-00C04FF8FAEB},W,01/26,66,131,0,0,,1,
{F5EAEC5B-6FA4-11D3-9889-00C04FF8FAEB},W,01/27,66,132,0,0,,1,
{F5EAEC5C-6FA4-11D3-9889-00C04FF8FAEB},W,01/28,67,133,0,0,,1,
{F5EAEC5D-6FA4-11D3-9889-00C04FF8FAEB},W,01/29,67,133,0,0,,1,
{F5EAEC5E-6FA4-11D3-9889-00C04FF8FAEB},W,01/30,68,134,0,0,,1,
{F5EAEC5F-6FA4-11D3-9889-00C04FF8FAEB},W,01/31,68,135,0,0,,1,
{F5EAEC60-6FA4-11D3-9889-00C04FF8FAEB},W,02/01,68,136,0,0,,1,
{F5EAEC61-6FA4-11D3-9889-00C04FF8FAEB},W,02/02,69,137,0,0,,1,
{F5EAEC62-6FA4-11D3-9889-00C04FF8FAEB},W,02/03,69,138,0,0,,1,
{F5EAEC63-6FA4-11D3-9889-00C04FF8FAEB},W,02/04,70,139,0,0,,1,
{F5EAEC64-6FA4-11D3-9889-00C04FF8FAEB},W,02/05,70,140,0,0,,1,
{F5EAEC65-6FA4-11D3-9889-00C04FF8FAEB},W,02/06,71,141,0,0,,1,
{F5EAEC66-6FA4-11D3-9889-00C04FF8FAEB},W,02/07,71,142,0,0,,1,
{F5EAEC67-6FA4-11D3-9889-00C04FF8FAEB},W,02/08,72,143,0,0,,1,
{F5EAEC68-6FA4-11D3-9889-00C04FF8FAEB},W,02/09,72,143,0,0,,1,
{F5EAEC69-6FA4-11D3-9889-00C04FF8FAEB},W,02/10,73,144,0,0,,1,
{F5EAEC6A-6FA4-11D3-9889-00C04FF8FAEB},W,02/11,73,145,0,0,,1,
{F5EAEC6B-6FA4-11D3-9889-00C04FF8FAEB},W,02/12,73,146,0,0,,1,
{F5EAEC6C-6FA4-11D3-9889-00C04FF8FAEB},W,02/13,74,147,0,0,,1,
{F5EAEC6D-6FA4-11D3-9889-00C04FF8FAEB},W,02/14,74,148,0,0,,1,
{F5EAEC6E-6FA4-11D3-9889-00C04FF8FAEB},W,02/15,75,149,0,0,,1,
{F5EAEC6F-6FA4-11D3-9889-00C04FF8FAEB},W,02/16,75,150,0,0,,1,
{F5EAEC70-6FA4-11D3-9889-00C04FF8FAEB},W,02/17,76,151,0,0,,1,
{F5EAEC71-6FA4-11D3-9889-00C04FF8FAEB},W,02/18,76,152,0,0,,1,
{F5EAEC72-6FA4-11D3-9889-00C04FF8FAEB},W,02/19,77,153,0,0,,1,
{F5EAEC73-6FA4-11D3-9889-00C04FF8FAEB},W,02/20,77,154,0,0,,1,
{F5EAEC74-6FA4-11D3-9889-00C04FF8FAEB},W,02/21,78,155,0,0,,1,
{F5EAEC75-6FA4-11D3-9889-00C04FF8FAEB},W,02/22,78,156,0,0,,1,
{F5EAEC76-6FA4-11D3-9889-00C04FF8FAEB},W,02/23,79,157,0,0,,1,
{F5EAEC77-6FA4-11D3-9889-00C04FF8FAEB},W,02/24,79,158,0,0,,1,
{F5EAEC78-6FA4-11D3-9889-00C04FF8FAEB},W,02/25,80,159,0,0,,1,
{F5EAEC79-6FA4-11D3-9889-00C04FF8FAEB},W,02/26,80,160,0,0,,1,
{F5EAEC7A-6FA4-11D3-9889-00C04FF8FAEB},W,02/27,81,161,0,0,,1,
{F5EAEC7B-6FA4-11D3-9889-00C04FF8FAEB},W,02/28,81,163,0,0,,1,
{F5EAEC7C-6FA4-11D3-9889-00C04FF8FAEB},W,02/29,82,164,0,0,,1,
{F5EAEC7D-6FA4-11D3-9889-00C04FF8FAEB},W,03/01,83,165,0,0,,1,
{F5EAEC7E-6FA4-11D3-9889-00C04FF8FAEB},W,03/02,83,166,0,0,,1,
{F5EAEC7F-6FA4-11D3-9889-00C04FF8FAEB},W,03/03,84,167,0,0,,1,
{F5EAEC80-6FA4-11D3-9889-00C04FF8FAEB},W,03/04,84,168,0,0,,1,
{F5EAEC81-6FA4-11D3-9889-00C04FF8FAEB},W,03/05,85,169,0,0,,1,
{F5EAEC82-6FA4-11D3-9889-00C04FF8FAEB},W,03/06,85,170,0,0,,1,
{F5EAEC83-6FA4-11D3-9889-00C04FF8FAEB},W,03/07,86,171,0,0,,1,
{F5EAEC84-6FA4-11D3-9889-00C04FF8FAEB},W,03/08,86,172,0,0,,1,
{F5EAEC85-6FA4-11D3-9889-00C04FF8FAEB},W,03/09,87,174,0,0,,1,
{F5EAEC86-6FA4-11D3-9889-00C04FF8FAEB},W,03/10,88,175,0,0,,1,
{F5EAEC87-6FA4-11D3-9889-00C04FF8FAEB},W,03/11,88,176,0,0,,1,
{F5EAEC88-6FA4-11D3-9889-00C04FF8FAEB},W,03/12,89,177,0,0,,1,
{F5EAEC89-6FA4-11D3-9889-00C04FF8FAEB},W,03/13,89,178,0,0,,1,
{F5EAEC8A-6FA4-11D3-9889-00C04FF8FAEB},W,03/14,90,179,0,0,,1,
{F5EAEC8B-6FA4-11D3-9889-00C04FF8FAEB},W,03/15,90,181,0,0,,1,
{F5EAEC8C-6FA4-11D3-9889-00C04FF8FAEB},W,03/16,91,182,0,0,,1,
{F5EAEC8D-6FA4-11D3-9889-00C04FF8FAEB},W,03/17,92,183,0,0,,1,
{F5EAEC8E-6FA4-11D3-9889-00C04FF8FAEB},W,03/18,92,184,0,0,,1,
{F5EAEC8F-6FA4-11D3-9889-00C04FF8FAEB},W,03/19,93,185,0,0,,1,
{F5EAEC90-6FA4-11D3-9889-00C04FF8FAEB},W,03/20,93,187,0,0,,1,
{F5EAEC91-6FA4-11D3-9889-00C04FF8FAEB},W,03/21,94,188,0,0,,1,
{F5EAEC92-6FA4-11D3-9889-00C04FF8FAEB},W,03/22,95,189,0,0,,1,
{F5EAEC93-6FA4-11D3-9889-00C04FF8FAEB},W,03/23,95,190,0,0,,1,
{F5EAEC94-6FA4-11D3-9889-00C04FF8FAEB},W,03/24,96,192,0,0,,1,
{F5EAEC95-6FA4-11D3-9889-00C04FF8FAEB},W,03/25,96,193,0,0,,1,
{F5EAEC96-6FA4-11D3-9889-00C04FF8FAEB},W,03/26,97,194,0,0,,1,
{F5EAEC97-6FA4-11D3-9889-00C04FF8FAEB},W,03/27,98,195,0,0,,1,
{F5EAEC98-6FA4-11D3-9889-00C04FF8FAEB},W,03/28,98,197,0,0,,1,
{F5EAEC99-6FA4-11D3-9889-00C04FF8FAEB},W,03/29,99,198,0,0,,1,
{F5EAEC9A-6FA4-11D3-9889-00C04FF8FAEB},W,03/30,100,199,0,0,,1,
{F5EAEC9B-6FA4-11D3-9889-00C04FF8FAEB},W,03/31,100,201,0,0,,1,
{F5EAEC9C-6FA4-11D3-9889-00C04FF8FAEB},W,04/01,101,202,0,0,,1,
{F5EAEC9D-6FA4-11D3-9889-00C04FF8FAEB},W,04/02,102,203,0,0,,1,
{F5EAEC9E-6FA4-11D3-9889-00C04FF8FAEB},W,04/03,102,205,0,0,,1,
{F5EAEC9F-6FA4-11D3-9889-00C04FF8FAEB},W,04/04,103,206,0,0,,1,
{F5EAECA0-6FA4-11D3-9889-00C04FF8FAEB},W,04/05,104,207,0,0,,1,
{F5EAECA1-6FA4-11D3-9889-00C04FF8FAEB},W,04/06,104,209,0,0,,1,
{F5EAECA2-6FA4-11D3-9889-00C04FF8FAEB},W,04/07,105,210,0,0,,1,
{F5EAECA3-6FA4-11D3-9889-00C04FF8FAEB},W,04/08,106,211,0,0,,1,
{F5EAECA4-6FA4-11D3-9889-00C04FF8FAEB},W,04/09,106,213,0,0,,1,
{F5EAECA5-6FA4-11D3-9889-00C04FF8FAEB},W,04/10,107,214,0,0,,1,
{F5EAECA6-6FA4-11D3-9889-00C04FF8FAEB},W,04/11,108,216,0,0,,1,
{F5EAECA7-6FA4-11D3-9889-00C04FF8FAEB},W,04/12,108,217,0,0,,1,
{F5EAECA8-6FA4-11D3-9889-00C04FF8FAEB},W,04/13,109,218,0,0,,1,
{F5EAECA9-6FA4-11D3-9889-00C04FF8FAEB},W,04/14,110,220,0,0,,1,
{F5EAECAA-6FA4-11D3-9889-00C04FF8FAEB},W,04/15,111,221,0,0,,1,
{F5EAECAB-6FA4-11D3-9889-00C04FF8FAEB},W,04/16,111,223,0,0,,1,
{F5EAECAC-6FA4-11D3-9889-00C04FF8FAEB},W,04/17,112,224,0,0,,1,
{F5EAECAD-6FA4-11D3-9889-00C04FF8FAEB},W,04/18,113,226,0,0,,1,
{F5EAECAE-6FA4-11D3-9889-00C04FF8FAEB},W,04/19,113,227,0,0,,1,
{F5EAECAF-6FA4-11D3-9889-00C04FF8FAEB},W,04/20,114,229,0,0,,1,
{F5EAECB0-6FA4-11D3-9889-00C04FF8FAEB},W,04/21,115,230,0,0,,1,
{F5EAECB1-6FA4-11D3-9889-00C04FF8FAEB},W,04/22,116,232,0,0,,1,
{F5EAECB2-6FA4-11D3-9889-00C04FF8FAEB},W,04/23,116,233,0,0,,1,
{F5EAECB3-6FA4-11D3-9889-00C04FF8FAEB},W,04/24,117,235,0,0,,1,
{F5EAECB4-6FA4-11D3-9889-00C04FF8FAEB},W,04/25,118,236,0,0,,1,
{F5EAECB5-6FA4-11D3-9889-00C04FF8FAEB},W,04/26,119,238,0,0,,1,
{F5EAECB6-6FA4-11D3-9889-00C04FF8FAEB},W,04/27,120,239,0,0,,1,
{F5EAECB7-6FA4-11D3-9889-00C04FF8FAEB},W,04/28,120,241,0,0,,1,
{F5EAECB8-6FA4-11D3-9889-00C04FF8FAEB},W,04/29,121,243,0,0,,1,
{F5EAECB9-6FA4-11D3-9889-00C04FF8FAEB},W,04/30,122,244,0,0,,1,
{F5EAECBA-6FA4-11D3-9889-00C04FF8FAEB},W,05/01,123,246,0,0,,1,
{F5EAECBB-6FA4-11D3-9889-00C04FF8FAEB},W,05/02,124,247,0,0,,1,
{F5EAECBC-6FA4-11D3-9889-00C04FF8FAEB},W,05/03,124,249,0,0,,1,
{F5EAECBD-6FA4-11D3-9889-00C04FF8FAEB},W,05/04,125,251,0,0,,1,
{F5EAECBE-6FA4-11D3-9889-00C04FF8FAEB},W,05/05,126,252,0,0,,1,
{F5EAECBF-6FA4-11D3-9889-00C04FF8FAEB},W,05/06,127,254,0,0,,1,
{F5EAECC0-6FA4-11D3-9889-00C04FF8FAEB},W,05/07,128,256,0,0,,1,
{F5EAECC1-6FA4-11D3-9889-00C04FF8FAEB},W,05/08,128,257,0,0,,1,
{F5EAECC2-6FA4-11D3-9889-00C04FF8FAEB},W,05/09,129,259,0,0,,1,
{F5EAECC3-6FA4-11D3-9889-00C04FF8FAEB},W,05/10,130,261,0,0,,1,
{F5EAECC4-6FA4-11D3-9889-00C04FF8FAEB},W,05/11,131,262,0,0,,1,
{F5EAECC5-6FA4-11D3-9889-00C04FF8FAEB},W,05/12,132,264,0,0,,1,
{F5EAECC6-6FA4-11D3-9889-00C04FF8FAEB},W,05/13,133,266,0,0,,1,
{F5EAECC7-6FA4-11D3-9889-00C04FF8FAEB},W,05/14,134,268,0,0,,1,
{F5EAECC8-6FA4-11D3-9889-00C04FF8FAEB},W,05/15,134,269,0,0,,1,
{F5EAECC9-6FA4-11D3-9889-00C04FF8FAEB},W,05/16,135,270,0,0,,1,
{F5EAECCA-6FA4-11D3-9889-00C04FF8FAEB},W,05/17,136,270,0,0,,1,
{F5EAECCB-6FA4-11D3-9889-00C04FF8FAEB},W,05/18,137,270,0,0,,1,
{F5EAECCC-6FA4-11D3-9889-00C04FF8FAEB},W,05/19,138,270,0,0,,1,
{F5EAECCD-6FA4-11D3-9889-00C04FF8FAEB},W,05/20,139,270,0,0,,1,
{F5EAECCE-6FA4-11D3-9889-00C04FF8FAEB},W,05/21,140,270,0,0,,1,
{F5EAECCF-6FA4-11D3-9889-00C04FF8FAEB},W,05/22,141,270,0,0,,1,
{F5EAECD0-6FA4-11D3-9889-00C04FF8FAEB},W,05/23,142,270,0,0,,1,
{F5EAECD1-6FA4-11D3-9889-00C04FF8FAEB},W,05/24,143,270,0,0,,1,
{F5EAECD2-6FA4-11D3-9889-00C04FF8FAEB},W,05/25,144,270,0,0,,1,
{F5EAECD3-6FA4-11D3-9889-00C04FF8FAEB},W,05/26,144,270,0,0,,1,
{F5EAECD4-6FA4-11D3-9889-00C04FF8FAEB},W,05/27,145,270,0,0,,1,
{F5EAECD5-6FA4-11D3-9889-00C04FF8FAEB},W,05/28,146,270,0,0,,1,
{F5EAECD6-6FA4-11D3-9889-00C04FF8FAEB},W,05/29,147,270,0,0,,1,
{F5EAECD7-6FA4-11D3-9889-00C04FF8FAEB},W,05/30,148,270,0,0,,1,
{F5EAECD8-6FA4-11D3-9889-00C04FF8FAEB},W,05/31,149,270,0,0,,1,
{F5EAECD9-6FA4-11D3-9889-00C04FF8FAEB},W,06/01,150,270,0,0,,1,
{F5EAECDA-6FA4-11D3-9889-00C04FF8FAEB},W,06/02,151,270,0,0,,1,
{F5EAECDB-6FA4-11D3-9889-00C04FF8FAEB},W,06/03,152,270,0,0,,1,
{F5EAECDC-6FA4-11D3-9889-00C04FF8FAEB},W,06/04,153,270,0,0,,1,
{F5EAECDD-6FA4-11D3-9889-00C04FF8FAEB},W,06/05,154,270,0,0,,1,
{F5EAECDE-6FA4-11D3-9889-00C04FF8FAEB},W,06/06,155,270,0,0,,1,
{F5EAECDF-6FA4-11D3-9889-00C04FF8FAEB},W,06/07,156,270,0,0,,1,
{F5EAECE0-6FA4-11D3-9889-00C04FF8FAEB},W,06/08,157,270,0,0,,1,
{F5EAECE1-6FA4-11D3-9889-00C04FF8FAEB},W,06/09,158,270,0,0,,1,
{F5EAECE2-6FA4-11D3-9889-00C04FF8FAEB},W,06/10,159,270,0,0,,1,
{F5EAECE3-6FA4-11D3-9889-00C04FF8FAEB},W,06/11,160,270,0,0,,1,
{F5EAECE4-6FA4-11D3-9889-00C04FF8FAEB},W,06/12,161,270,0,0,,1,
{F5EAECE5-6FA4-11D3-9889-00C04FF8FAEB},W,06/13,162,270,0,0,,1,
{F5EAECE6-6FA4-11D3-9889-00C04FF8FAEB},W,06/14,164,270,0,0,,1,
{F5EAECE7-6FA4-11D3-9889-00C04FF8FAEB},W,06/15,165,270,0,0,,1,
{F5EAECE8-6FA4-11D3-9889-00C04FF8FAEB},W,06/16,166,270,0,0,,1,
{F5EAECE9-6FA4-11D3-9889-00C04FF8FAEB},W,06/17,167,270,0,0,,1,
{F5EAECEA-6FA4-11D3-9889-00C04FF8FAEB},W,06/18,168,270,0,0,,1,
{F5EAECEB-6FA4-11D3-9889-00C04FF8FAEB},W,06/19,169,270,0,0,,1,
{F5EAECEC-6FA4-11D3-9889-00C04FF8FAEB},W,06/20,170,270,0,0,,1,
{F5EAECED-6FA4-11D3-9889-00C04FF8FAEB},W,06/21,171,270,0,0,,1,
{F5EAECEE-6FA4-11D3-9889-00C04FF8FAEB},W,06/22,172,270,0,0,,1,
{F5EAECEF-6FA4-11D3-9889-00C04FF8FAEB},W,06/23,173,270,0,0,,1,
{F5EAECF0-6FA4-11D3-9889-00C04FF8FAEB},W,06/24,175,270,0,0,,1,
{F5EAECF1-6FA4-11D3-9889-00C04FF8FAEB},W,06/25,176,270,0,0,,1,
{F5EAECF2-6FA4-11D3-9889-00C04FF8FAEB},W,06/26,177,270,0,0,,1,
{F5EAECF3-6FA4-11D3-9889-00C04FF8FAEB},W,06/27,178,270,0,0,,1,
{F5EAECF4-6FA4-11D3-9889-00C04FF8FAEB},W,06/28,179,270,0,0,,1,
{F5EAECF5-6FA4-11D3-9889-00C04FF8FAEB},W,06/29,180,270,0,0,,1,
{F5EAECF6-6FA4-11D3-9889-00C04FF8FAEB},W,06/30,182,270,0,0,,1,
{F5EAECF7-6FA4-11D3-9889-00C04FF8FAEB},W,07/01,0,33,183,270,,1,
{F5EAECF8-6FA4-11D3-9889-00C04FF8FAEB},W,07/02,0,33,184,270,,1,
{F5EAECF9-6FA4-11D3-9889-00C04FF8FAEB},W,07/03,0,34,185,270,,1,
{F5EAECFA-6FA4-11D3-9889-00C04FF8FAEB},W,07/04,0,34,186,270,,1,
{F5EAECFB-6FA4-11D3-9889-00C04FF8FAEB},W,07/05,0,34,188,270,,1,
{F5EAECFC-6FA4-11D3-9889-00C04FF8FAEB},W,07/06,0,34,189,270,,1,
{F5EAECFD-6FA4-11D3-9889-00C04FF8FAEB},W,07/07,0,34,190,270,,1,
{F5EAECFE-6FA4-11D3-9889-00C04FF8FAEB},W,07/08,0,35,191,270,,1,
{F5EAECFF-6FA4-11D3-9889-00C04FF8FAEB},W,07/09,0,35,193,270,,1,
{F5EAED00-6FA4-11D3-9889-00C04FF8FAEB},W,07/10,0,35,194,270,,1,
{F5EAED01-6FA4-11D3-9889-00C04FF8FAEB},W,07/11,0,35,195,270,,1,
{F5EAED02-6FA4-11D3-9889-00C04FF8FAEB},W,07/12,0,36,196,270,,1,
{F5EAED03-6FA4-11D3-9889-00C04FF8FAEB},W,07/13,0,36,198,270,,1,
{F5EAED04-6FA4-11D3-9889-00C04FF8FAEB},W,07/14,0,36,199,270,,1,
{F5EAED05-6FA4-11D3-9889-00C04FF8FAEB},W,07/15,0,36,200,270,,1,
{F5EAED06-6FA4-11D3-9889-00C04FF8FAEB},W,07/16,0,37,202,270,,1,
{F5EAED07-6FA4-11D3-9889-00C04FF8FAEB},W,07/17,0,37,203,270,,1,
{F5EAED08-6FA4-11D3-9889-00C04FF8FAEB},W,07/18,0,37,204,270,,1,
{F5EAED09-6FA4-11D3-9889-00C04FF8FAEB},W,07/19,0,37,206,270,,1,
{F5EAED0A-6FA4-11D3-9889-00C04FF8FAEB},W,07/20,0,38,207,270,,1,
{F5EAED0B-6FA4-11D3-9889-00C04FF8FAEB},W,07/21,0,38,208,270,,1,
{F5EAED0C-6FA4-11D3-9889-00C04FF8FAEB},W,07/22,0,38,210,270,,1,
{F5EAED0D-6FA4-11D3-9889-00C04FF8FAEB},W,07/23,0,38,211,270,,1,
{F5EAED0E-6FA4-11D3-9889-00C04FF8FAEB},W,07/24,0,39,212,270,,1,
{F5EAED0F-6FA4-11D3-9889-00C04FF8FAEB},W,07/25,0,39,214,270,,1,
{F5EAED10-6FA4-11D3-9889-00C04FF8FAEB},W,07/26,0,39,215,270,,1,
{F5EAED11-6FA4-11D3-9889-00C04FF8FAEB},W,07/27,0,39,217,270,,1,
{F5EAED12-6FA4-11D3-9889-00C04FF8FAEB},W,07/28,0,40,218,270,,1,
{F5EAED13-6FA4-11D3-9889-00C04FF8FAEB},W,07/29,0,40,219,270,,1,
{F5EAED14-6FA4-11D3-9889-00C04FF8FAEB},W,07/30,0,40,221,270,,1,
{F5EAED15-6FA4-11D3-9889-00C04FF8FAEB},W,07/31,0,40,222,270,,1,
{F5EAED16-6FA4-11D3-9889-00C04FF8FAEB},W,08/01,0,41,224,270,,1,
{F5EAED17-6FA4-11D3-9889-00C04FF8FAEB},W,08/02,0,41,225,270,,1,
{F5EAED18-6FA4-11D3-9889-00C04FF8FAEB},W,08/03,0,41,227,270,,1,
{F5EAED19-6FA4-11D3-9889-00C04FF8FAEB},W,08/04,0,41,228,270,,1,
{F5EAED1A-6FA4-11D3-9889-00C04FF8FAEB},W,08/05,0,42,230,270,,1,
{F5EAED1B-6FA4-11D3-9889-00C04FF8FAEB},W,08/06,0,42,231,270,,1,
{F5EAED1C-6FA4-11D3-9889-00C04FF8FAEB},W,08/07,0,42,233,270,,1,
{F5EAED1D-6FA4-11D3-9889-00C04FF8FAEB},W,08/08,0,43,234,270,,1,
{F5EAED1E-6FA4-11D3-9889-00C04FF8FAEB},W,08/09,0,43,236,270,,1,
{F5EAED1F-6FA4-11D3-9889-00C04FF8FAEB},W,08/10,0,43,237,270,,1,
{F5EAED20-6FA4-11D3-9889-00C04FF8FAEB},W,08/11,0,43,239,270,,1,
{F5EAED21-6FA4-11D3-9889-00C04FF8FAEB},W,08/12,0,44,240,270,,1,
{F5EAED22-6FA4-11D3-9889-00C04FF8FAEB},W,08/13,0,44,242,270,,1,
{F5EAED23-6FA4-11D3-9889-00C04FF8FAEB},W,08/14,0,44,244,270,,1,
{F5EAED24-6FA4-11D3-9889-00C04FF8FAEB},W,08/15,0,45,245,270,,1,
{F5EAED25-6FA4-11D3-9889-00C04FF8FAEB},W,08/16,0,45,247,270,,1,
{F5EAED26-6FA4-11D3-9889-00C04FF8FAEB},W,08/17,0,45,248,270,,1,
{F5EAED27-6FA4-11D3-9889-00C04FF8FAEB},W,08/18,0,45,250,270,,1,
{F5EAED28-6FA4-11D3-9889-00C04FF8FAEB},W,08/19,0,46,252,270,,1,
{F5EAED29-6FA4-11D3-9889-00C04FF8FAEB},W,08/20,0,46,253,270,,1,
{F5EAED2A-6FA4-11D3-9889-00C04FF8FAEB},W,08/21,0,46,255,270,,1,
{F5EAED2B-6FA4-11D3-9889-00C04FF8FAEB},W,08/22,0,47,257,270,,1,
{F5EAED2C-6FA4-11D3-9889-00C04FF8FAEB},W,08/23,0,47,258,270,,1,
{F5EAED2D-6FA4-11D3-9889-00C04FF8FAEB},W,08/24,0,47,260,270,,1,
{F5EAED2E-6FA4-11D3-9889-00C04FF8FAEB},W,08/25,0,48,262,270,,1,
{F5EAED2F-6FA4-11D3-9889-00C04FF8FAEB},W,08/26,0,48,263,270,,1,
{F5EAED30-6FA4-11D3-9889-00C04FF8FAEB},W,08/27,0,48,265,270,,1,
{F5EAED31-6FA4-11D3-9889-00C04FF8FAEB},W,08/28,0,49,267,270,,1,
{F5EAED32-6FA4-11D3-9889-00C04FF8FAEB},W,08/29,0,49,269,270,,1,
{F5EAED33-6FA4-11D3-9889-00C04FF8FAEB},W,08/30,0,49,270,270,,1,
{F5EAED34-6FA4-11D3-9889-00C04FF8FAEB},W,08/31,0,50,271,270,,1,
{F5EAED35-6FA4-11D3-9889-00C04FF8FAEB},W,09/01,0,50,0,0,,1,
{F5EAED36-6FA4-11D3-9889-00C04FF8FAEB},W,09/02,0,50,0,0,,1,
{F5EAED37-6FA4-11D3-9889-00C04FF8FAEB},W,09/03,0,50,0,0,,1,
{F5EAED38-6FA4-11D3-9889-00C04FF8FAEB},W,09/04,0,51,0,0,,1,
{F5EAED39-6FA4-11D3-9889-00C04FF8FAEB},W,09/05,0,51,0,0,,1,
{F5EAED3A-6FA4-11D3-9889-00C04FF8FAEB},W,09/06,0,51,0,0,,1,
{F5EAED3B-6FA4-11D3-9889-00C04FF8FAEB},W,09/07,0,52,0,0,,1,
{F5EAED3C-6FA4-11D3-9889-00C04FF8FAEB},W,09/08,0,52,0,0,,1,
{F5EAED3D-6FA4-11D3-9889-00C04FF8FAEB},W,09/09,0,53,0,0,,1,
{F5EAED3E-6FA4-11D3-9889-00C04FF8FAEB},W,09/10,0,53,0,0,,1,
{F5EAED3F-6FA4-11D3-9889-00C04FF8FAEB},W,09/11,0,53,0,0,,1,
{F5EAED40-6FA4-11D3-9889-00C04FF8FAEB},W,09/12,0,54,0,0,,1,
{F5EAED41-6FA4-11D3-9889-00C04FF8FAEB},W,09/13,0,54,0,0,,1,
{F5EAED42-6FA4-11D3-9889-00C04FF8FAEB},W,09/14,0,54,0,0,,1,
{F5EAED43-6FA4-11D3-9889-00C04FF8FAEB},W,09/15,0,55,0,0,,1,
{F5EAED44-6FA4-11D3-9889-00C04FF8FAEB},W,09/16,0,55,0,0,,1,
{F5EAED45-6FA4-11D3-9889-00C04FF8FAEB},W,09/17,0,55,0,0,,1,
{F5EAED46-6FA4-11D3-9889-00C04FF8FAEB},W,09/18,0,56,0,0,,1,
{F5EAED47-6FA4-11D3-9889-00C04FF8FAEB},W,09/19,0,56,0,0,,1,
{F5EAED48-6FA4-11D3-9889-00C04FF8FAEB},W,09/20,0,56,0,0,,1,
{F5EAED49-6FA4-11D3-9889-00C04FF8FAEB},W,09/21,0,57,0,0,,1,
{F5EAED4A-6FA4-11D3-9889-00C04FF8FAEB},W,09/22,0,57,0,0,,1,
{F5EAED4B-6FA4-11D3-9889-00C04FF8FAEB},W,09/23,0,58,0,0,,1,
{F5EAED4C-6FA4-11D3-9889-00C04FF8FAEB},W,09/24,0,58,0,0,,1,
{F5EAED4D-6FA4-11D3-9889-00C04FF8FAEB},W,09/25,0,58,0,0,,1,
{F5EAED4E-6FA4-11D3-9889-00C04FF8FAEB},W,09/26,0,59,0,0,,1,
{F5EAED4F-6FA4-11D3-9889-00C04FF8FAEB},W,09/27,0,59,0,0,,1,
{F5EAED50-6FA4-11D3-9889-00C04FF8FAEB},W,09/28,0,59,0,0,,1,
{F5EAED51-6FA4-11D3-9889-00C04FF8FAEB},W,09/29,0,60,0,0,,1,
{F5EAED52-6FA4-11D3-9889-00C04FF8FAEB},W,09/30,0,60,0,0,,1,
{F5EAED53-6FA4-11D3-9889-00C04FF8FAEB},W,10/01,0,61,0,0,,1,
{F5EAED54-6FA4-11D3-9889-00C04FF8FAEB},W,10/02,0,61,0,0,,1,
{F5EAED55-6FA4-11D3-9889-00C04FF8FAEB},W,10/03,0,61,0,0,,1,
{F5EAED56-6FA4-11D3-9889-00C04FF8FAEB},W,10/04,0,62,0,0,,1,
{F5EAED57-6FA4-11D3-9889-00C04FF8FAEB},W,10/05,0,62,0,0,,1,
{F5EAED58-6FA4-11D3-9889-00C04FF8FAEB},W,10/06,0,63,0,0,,1,
{F5EAED59-6FA4-11D3-9889-00C04FF8FAEB},W,10/07,0,63,0,0,,1,
{F5EAED5A-6FA4-11D3-9889-00C04FF8FAEB},W,10/08,0,64,0,0,,1,
{F5EAED5B-6FA4-11D3-9889-00C04FF8FAEB},W,10/09,0,64,0,0,,1,
{F5EAED5C-6FA4-11D3-9889-00C04FF8FAEB},W,10/10,0,64,0,0,,1,
{F5EAED5D-6FA4-11D3-9889-00C04FF8FAEB},W,10/11,0,65,0,0,,1,
{F5EAED5E-6FA4-11D3-9889-00C04FF8FAEB},W,10/12,0,65,0,0,,1,
{F5EAED5F-6FA4-11D3-9889-00C04FF8FAEB},W,10/13,0,66,0,0,,1,
{F5EAED60-6FA4-11D3-9889-00C04FF8FAEB},W,10/14,0,66,0,0,,1,
{F5EAED61-6FA4-11D3-9889-00C04FF8FAEB},W,10/15,0,67,0,0,,1,
{F5EAED62-6FA4-11D3-9889-00C04FF8FAEB},W,10/16,34,67,0,0,,1,
{F5EAED63-6FA4-11D3-9889-00C04FF8FAEB},W,10/17,34,67,0,0,,1,
{F5EAED64-6FA4-11D3-9889-00C04FF8FAEB},W,10/18,35,68,0,0,,1,
{F5EAED65-6FA4-11D3-9889-00C04FF8FAEB},W,10/19,35,68,0,0,,1,
{F5EAED66-6FA4-11D3-9889-00C04FF8FAEB},W,10/20,35,69,0,0,,1,
{F5EAED67-6FA4-11D3-9889-00C04FF8FAEB},W,10/21,35,69,0,0,,1,
{F5EAED68-6FA4-11D3-9889-00C04FF8FAEB},W,10/22,35,70,0,0,,1,
{F5EAED69-6FA4-11D3-9889-00C04FF8FAEB},W,10/23,36,70,0,0,,1,
{F5EAED6A-6FA4-11D3-9889-00C04FF8FAEB},W,10/24,36,71,0,0,,1,
{F5EAED6B-6FA4-11D3-9889-00C04FF8FAEB},W,10/25,36,71,0,0,,1,
{F5EAED6C-6FA4-11D3-9889-00C04FF8FAEB},W,10/26,36,72,0,0,,1,
{F5EAED6D-6FA4-11D3-9889-00C04FF8FAEB},W,10/27,37,72,0,0,,1,
{F5EAED6E-6FA4-11D3-9889-00C04FF8FAEB},W,10/28,37,72,0,0,,1,
{F5EAED6F-6FA4-11D3-9889-00C04FF8FAEB},W,10/29,37,73,0,0,,1,
{F5EAED70-6FA4-11D3-9889-00C04FF8FAEB},W,10/30,37,73,0,0,,1,
{F5EAED71-6FA4-11D3-9889-00C04FF8FAEB},W,10/31,38,74,0,0,,1,
{F5EAED72-6FA4-11D3-9889-00C04FF8FAEB},W,11/01,38,74,0,0,,1,
{F5EAED73-6FA4-11D3-9889-00C04FF8FAEB},W,11/02,38,75,0,0,,1,
{F5EAED74-6FA4-11D3-9889-00C04FF8FAEB},W,11/03,38,75,0,0,,1,
{F5EAED75-6FA4-11D3-9889-00C04FF8FAEB},W,11/04,39,76,0,0,,1,
{F5EAED76-6FA4-11D3-9889-00C04FF8FAEB},W,11/05,39,76,0,0,,1,
{F5EAED77-6FA4-11D3-9889-00C04FF8FAEB},W,11/06,39,77,0,0,,1,
{F5EAED78-6FA4-11D3-9889-00C04FF8FAEB},W,11/07,39,77,0,0,,1,
{F5EAED79-6FA4-11D3-9889-00C04FF8FAEB},W,11/08,40,78,0,0,,1,
{F5EAED7A-6FA4-11D3-9889-00C04FF8FAEB},W,11/09,40,78,0,0,,1,
{F5EAED7B-6FA4-11D3-9889-00C04FF8FAEB},W,11/10,40,79,0,0,,1,
{F5EAED7C-6FA4-11D3-9889-00C04FF8FAEB},W,11/11,40,79,0,0,,1,
{F5EAED7D-6FA4-11D3-9889-00C04FF8FAEB},W,11/12,41,80,0,0,,1,
{F5EAED7E-6FA4-11D3-9889-00C04FF8FAEB},W,11/13,41,80,0,0,,1,
{F5EAED7F-6FA4-11D3-9889-00C04FF8FAEB},W,11/14,41,81,0,0,,1,
{F5EAED80-6FA4-11D3-9889-00C04FF8FAEB},W,11/15,41,82,0,0,,1,
{F5EAED81-6FA4-11D3-9889-00C04FF8FAEB},W,11/16,42,82,0,0,,1,
{F5EAED82-6FA4-11D3-9889-00C04FF8FAEB},W,11/17,42,83,0,0,,1,
{F5EAED83-6FA4-11D3-9889-00C04FF8FAEB},W,11/18,42,83,0,0,,1,
{F5EAED84-6FA4-11D3-9889-00C04FF8FAEB},W,11/19,42,84,0,0,,1,
{F5EAED85-6FA4-11D3-9889-00C04FF8FAEB},W,11/20,43,84,0,0,,1,
{F5EAED86-6FA4-11D3-9889-00C04FF8FAEB},W,11/21,43,85,0,0,,1,
{F5EAED87-6FA4-11D3-9889-00C04FF8FAEB},W,11/22,43,85,0,0,,1,
{F5EAED88-6FA4-11D3-9889-00C04FF8FAEB},W,11/23,44,86,0,0,,1,
{F5EAED89-6FA4-11D3-9889-00C04FF8FAEB},W,11/24,44,87,0,0,,1,
{F5EAED8A-6FA4-11D3-9889-00C04FF8FAEB},W,11/25,44,87,0,0,,1,
{F5EAED8B-6FA4-11D3-9889-00C04FF8FAEB},W,11/26,44,88,0,0,,1,
{F5EAED8C-6FA4-11D3-9889-00C04FF8FAEB},W,11/27,45,88,0,0,,1,
{F5EAED8D-6FA4-11D3-9889-00C04FF8FAEB},W,11/28,45,89,0,0,,1,
{F5EAED8E-6FA4-11D3-9889-00C04FF8FAEB},W,11/29,45,89,0,0,,1,
{F5EAED8F-6FA4-11D3-9889-00C04FF8FAEB},W,11/30,46,90,0,0,,1,
{F5EAED90-6FA4-11D3-9889-00C04FF8FAEB},W,12/01,46,91,0,0,,1,
{F5EAED91-6FA4-11D3-9889-00C04FF8FAEB},W,12/02,46,91,0,0,,1,
{F5EAED92-6FA4-11D3-9889-00C04FF8FAEB},W,12/03,46,92,0,0,,1,
{F5EAED93-6FA4-11D3-9889-00C04FF8FAEB},W,12/04,47,92,0,0,,1,
{F5EAED94-6FA4-11D3-9889-00C04FF8FAEB},W,12/05,47,93,0,0,,1,
{F5EAED95-6FA4-11D3-9889-00C04FF8FAEB},W,12/06,47,94,0,0,,1,
{F5EAED96-6FA4-11D3-9889-00C04FF8FAEB},W,12/07,48,94,0,0,,1,
{F5EAED97-6FA4-11D3-9889-00C04FF8FAEB},W,12/08,48,95,0,0,,1,
{F5EAED98-6FA4-11D3-9889-00C04FF8FAEB},W,12/09,48,95,0,0,,1,
{F5EAED99-6FA4-11D3-9889-00C04FF8FAEB},W,12/10,49,96,0,0,,1,
{F5EAED9A-6FA4-11D3-9889-00C04FF8FAEB},W,12/11,49,97,0,0,,1,
{F5EAED9B-6FA4-11D3-9889-00C04FF8FAEB},W,12/12,49,97,0,0,,1,
{F5EAED9C-6FA4-11D3-9889-00C04FF8FAEB},W,12/13,50,98,0,0,,1,
{F5EAED9D-6FA4-11D3-9889-00C04FF8FAEB},W,12/14,50,99,0,0,,1,
{F5EAED9E-6FA4-11D3-9889-00C04FF8FAEB},W,12/15,50,99,0,0,,1,
{F5EAED9F-6FA4-11D3-9889-00C04FF8FAEB},W,12/16,51,100,0,0,,1,
{F5EAEDA0-6FA4-11D3-9889-00C04FF8FAEB},W,12/17,51,101,0,0,,1,
{F5EAEDA1-6FA4-11D3-9889-00C04FF8FAEB},W,12/18,51,101,0,0,,1,
{F5EAEDA2-6FA4-11D3-9889-00C04FF8FAEB},W,12/19,51,102,0,0,,1,
{F5EAEDA3-6FA4-11D3-9889-00C04FF8FAEB},W,12/20,52,103,0,0,,1,
{F5EAEDA4-6FA4-11D3-9889-00C04FF8FAEB},W,12/21,52,103,0,0,,1,
{F5EAEDA5-6FA4-11D3-9889-00C04FF8FAEB},W,12/22,52,104,0,0,,1,
{F5EAEDA6-6FA4-11D3-9889-00C04FF8FAEB},W,12/23,53,105,0,0,,1,
{F5EAEDA7-6FA4-11D3-9889-00C04FF8FAEB},W,12/24,53,105,0,0,,1,
{F5EAEDA8-6FA4-11D3-9889-00C04FF8FAEB},W,12/25,54,106,0,0,,1,
{F5EAEDA9-6FA4-11D3-9889-00C04FF8FAEB},W,12/26,54,107,0,0,,1,
{F5EAEDAA-6FA4-11D3-9889-00C04FF8FAEB},W,12/27,54,107,0,0,,1,
{F5EAEDAB-6FA4-11D3-9889-00C04FF8FAEB},W,12/28,55,108,0,0,,1,
{F5EAEDAC-6FA4-11D3-9889-00C04FF8FAEB},W,12/29,55,109,0,0,,1,
{F5EAEDAD-6FA4-11D3-9889-00C04FF8FAEB},W,12/30,55,110,0,0,,1,
{F5EAEDAE-6FA4-11D3-9889-00C04FF8FAEB},W,12/31,56,110,0,0,,1,
