<metadata xml:lang="en"><Esri><CreaDate>20220913</CreaDate><CreaTime>08540100</CreaTime><ArcGISFormat>1.0</ArcGISFormat><SyncOnce>FALSE</SyncOnce><DataProperties><lineage><Process ToolSource="c:\program files\arcgis\server\ArcToolbox\Toolboxes\Data Management Tools.tbx\Append" Date="20220913" Time="085401">Append D:\SPGExtract\Output\SPG_17004_20220913_031011\Hydrography\NHD\State\NHD_H_California_State_GPKG.gpkg\main.NHDFlowline D:\SPGExtract\Output\SPG_17004_20220913_031011\Hydrography\NHD\State\NHD_H_California_State_GDB.gdb\Hydrography\NHDFlowline NO_TEST "permanent_identifier "Permanent_Identifier" true false false 40 Text 0 0 ,First,#,D:\SPGExtract\Output\SPG_17004_20220913_031011\Hydrography\NHD\State\NHD_H_California_State_GDB.gdb\Hydrography\NHDFlowline,permanent_identifier,-1,-1,D:\SPGExtract\Output\SPG_17004_20220913_031011\Hydrography\NHD\State\NHD_H_California_State_GDB.gdb\Hydrography\NHDFlowline,permanent_identifier,-1,-1;fdate "FDate" true false false 8 Date 0 0 ,First,#,D:\SPGExtract\Output\SPG_17004_20220913_031011\Hydrography\NHD\State\NHD_H_California_State_GDB.gdb\Hydrography\NHDFlowline,fdate,-1,-1,D:\SPGExtract\Output\SPG_17004_20220913_031011\Hydrography\NHD\State\NHD_H_California_State_GDB.gdb\Hydrography\NHDFlowline,fdate,-1,-1;resolution "Resolution" true false false 4 Long 0 0 ,First,#,D:\SPGExtract\Output\SPG_17004_20220913_031011\Hydrography\NHD\State\NHD_H_California_State_GDB.gdb\Hydrography\NHDFlowline,resolution,-1,-1,D:\SPGExtract\Output\SPG_17004_20220913_031011\Hydrography\NHD\State\NHD_H_California_State_GDB.gdb\Hydrography\NHDFlowline,resolution,-1,-1;gnis_id "GNIS_ID" true true false 10 Text 0 0 ,First,#,D:\SPGExtract\Output\SPG_17004_20220913_031011\Hydrography\NHD\State\NHD_H_California_State_GDB.gdb\Hydrography\NHDFlowline,gnis_id,-1,-1,D:\SPGExtract\Output\SPG_17004_20220913_031011\Hydrography\NHD\State\NHD_H_California_State_GDB.gdb\Hydrography\NHDFlowline,gnis_id,-1,-1;gnis_name "GNIS_Name" true true false 65 Text 0 0 ,First,#,D:\SPGExtract\Output\SPG_17004_20220913_031011\Hydrography\NHD\State\NHD_H_California_State_GDB.gdb\Hydrography\NHDFlowline,gnis_name,-1,-1,D:\SPGExtract\Output\SPG_17004_20220913_031011\Hydrography\NHD\State\NHD_H_California_State_GDB.gdb\Hydrography\NHDFlowline,gnis_name,-1,-1;lengthkm "LengthKm" true true false 8 Double 0 0 ,First,#,D:\SPGExtract\Output\SPG_17004_20220913_031011\Hydrography\NHD\State\NHD_H_California_State_GDB.gdb\Hydrography\NHDFlowline,lengthkm,-1,-1,D:\SPGExtract\Output\SPG_17004_20220913_031011\Hydrography\NHD\State\NHD_H_California_State_GDB.gdb\Hydrography\NHDFlowline,lengthkm,-1,-1;reachcode "ReachCode" true true false 14 Text 0 0 ,First,#,D:\SPGExtract\Output\SPG_17004_20220913_031011\Hydrography\NHD\State\NHD_H_California_State_GDB.gdb\Hydrography\NHDFlowline,reachcode,-1,-1,D:\SPGExtract\Output\SPG_17004_20220913_031011\Hydrography\NHD\State\NHD_H_California_State_GDB.gdb\Hydrography\NHDFlowline,reachcode,-1,-1;flowdir "FlowDir" true false false 4 Long 0 0 ,First,#,D:\SPGExtract\Output\SPG_17004_20220913_031011\Hydrography\NHD\State\NHD_H_California_State_GDB.gdb\Hydrography\NHDFlowline,flowdir,-1,-1,D:\SPGExtract\Output\SPG_17004_20220913_031011\Hydrography\NHD\State\NHD_H_California_State_GDB.gdb\Hydrography\NHDFlowline,flowdir,-1,-1;wbarea_permanent_identifier "WBArea_Permanent_Identifier" true true false 40 Text 0 0 ,First,#,D:\SPGExtract\Output\SPG_17004_20220913_031011\Hydrography\NHD\State\NHD_H_California_State_GDB.gdb\Hydrography\NHDFlowline,wbarea_permanent_identifier,-1,-1,D:\SPGExtract\Output\SPG_17004_20220913_031011\Hydrography\NHD\State\NHD_H_California_State_GDB.gdb\Hydrography\NHDFlowline,wbarea_permanent_identifier,-1,-1;ftype "FType" true false false 4 Long 0 0 ,First,#,D:\SPGExtract\Output\SPG_17004_20220913_031011\Hydrography\NHD\State\NHD_H_California_State_GDB.gdb\Hydrography\NHDFlowline,ftype,-1,-1,D:\SPGExtract\Output\SPG_17004_20220913_031011\Hydrography\NHD\State\NHD_H_California_State_GDB.gdb\Hydrography\NHDFlowline,ftype,-1,-1;fcode "FCode" true true false 4 Long 0 0 ,First,#,D:\SPGExtract\Output\SPG_17004_20220913_031011\Hydrography\NHD\State\NHD_H_California_State_GDB.gdb\Hydrography\NHDFlowline,fcode,-1,-1,D:\SPGExtract\Output\SPG_17004_20220913_031011\Hydrography\NHD\State\NHD_H_California_State_GDB.gdb\Hydrography\NHDFlowline,fcode,-1,-1;mainpath "MainPath" true false false 4 Long 0 0 ,First,#,D:\SPGExtract\Output\SPG_17004_20220913_031011\Hydrography\NHD\State\NHD_H_California_State_GDB.gdb\Hydrography\NHDFlowline,mainpath,-1,-1,D:\SPGExtract\Output\SPG_17004_20220913_031011\Hydrography\NHD\State\NHD_H_California_State_GDB.gdb\Hydrography\NHDFlowline,mainpath,-1,-1;innetwork "InNetwork" true true false 4 Long 0 0 ,First,#,D:\SPGExtract\Output\SPG_17004_20220913_031011\Hydrography\NHD\State\NHD_H_California_State_GDB.gdb\Hydrography\NHDFlowline,innetwork,-1,-1,D:\SPGExtract\Output\SPG_17004_20220913_031011\Hydrography\NHD\State\NHD_H_California_State_GDB.gdb\Hydrography\NHDFlowline,innetwork,-1,-1;visibilityfilter "VisibilityFilter" true false false 4 Long 0 0 ,First,#,D:\SPGExtract\Output\SPG_17004_20220913_031011\Hydrography\NHD\State\NHD_H_California_State_GDB.gdb\Hydrography\NHDFlowline,visibilityfilter,-1,-1,D:\SPGExtract\Output\SPG_17004_20220913_031011\Hydrography\NHD\State\NHD_H_California_State_GDB.gdb\Hydrography\NHDFlowline,visibilityfilter,-1,-1;SHAPE_Length "SHAPE_Length" false true true 8 Double 0 0 ,First,#,D:\SPGExtract\Output\SPG_17004_20220913_031011\Hydrography\NHD\State\NHD_H_California_State_GDB.gdb\Hydrography\NHDFlowline,SHAPE_Length,-1,-1,D:\SPGExtract\Output\SPG_17004_20220913_031011\Hydrography\NHD\State\NHD_H_California_State_GDB.gdb\Hydrography\NHDFlowline,SHAPE_Length,-1,-1" #</Process><Process ToolSource="c:\program files\arcgis\pro\Resources\ArcToolbox\toolboxes\Data Management Tools.tbx\JoinField" Date="20221010" Time="082013">JoinField NHDFlowline gnis_name NHDFlowline_SummarizeAttributes gnis_name COUNT_gnis_name;COUNT "Select transfer fields" #</Process><Process ToolSource="c:\program files\arcgis\pro\Resources\ArcToolbox\toolboxes\Data Management Tools.tbx\JoinField" Date="20221010" Time="083037">JoinField NHDFlowline gnis_name NHDFlowline_SummarizeAttributes gnis_name COUNT_gnis_name;COUNT "Select transfer fields" #</Process><Process ToolSource="c:\program files\arcgis\pro\Resources\ArcToolbox\toolboxes\Conversion Tools.tbx\ExportFeatures" Date="20221010" Time="090908">ExportFeatures NHDFlowline \\doe-fotox\Home\Workspace\Ushakova\NHD_Updates\NHD_MajorRivers\NHD_MajorRivers.gdb\Major_Rivers_and_Creeks # NOT_USE_ALIAS "permanent_identifier "Permanent_Identifier" true true false 40 Text 0 0,First,#,NHDFlowline,permanent_identifier,0,40;fdate "FDate" true true false 8 Date 0 0,First,#,NHDFlowline,fdate,-1,-1;resolution "Resolution" true true false 4 Long 0 0,First,#,NHDFlowline,resolution,-1,-1;gnis_id "GNIS_ID" true true false 10 Text 0 0,First,#,NHDFlowline,gnis_id,0,10;gnis_name "GNIS_Name" true true false 65 Text 0 0,First,#,NHDFlowline,gnis_name,0,65;lengthkm "LengthKm" true true false 8 Double 0 0,First,#,NHDFlowline,lengthkm,-1,-1;reachcode "ReachCode" true true false 14 Text 0 0,First,#,NHDFlowline,reachcode,0,14;flowdir "FlowDir" true true false 4 Long 0 0,First,#,NHDFlowline,flowdir,-1,-1;wbarea_permanent_identifier "WBArea_Permanent_Identifier" true true false 40 Text 0 0,First,#,NHDFlowline,wbarea_permanent_identifier,0,40;ftype "FType" true true false 4 Long 0 0,First,#,NHDFlowline,ftype,-1,-1;fcode "FCode" true true false 4 Long 0 0,First,#,NHDFlowline,fcode,-1,-1;mainpath "MainPath" true true false 4 Long 0 0,First,#,NHDFlowline,mainpath,-1,-1;innetwork "InNetwork" true true false 4 Long 0 0,First,#,NHDFlowline,innetwork,-1,-1;visibilityfilter "VisibilityFilter" true true false 4 Long 0 0,First,#,NHDFlowline,visibilityfilter,-1,-1;SHAPE_Length "SHAPE_Length" false true true 8 Double 0 0,First,#,NHDFlowline,SHAPE_Length,-1,-1;Enabled "Enabled" true true true 2 Short 0 0,First,#,NHDFlowline,Enabled,-1,-1;COUNT_gnis_name "COUNT_gnis_name" true true false 8 Double 0 0,First,#,NHDFlowline,COUNT_gnis_name,-1,-1;COUNT "COUNT" true true false 8 Double 0 0,First,#,NHDFlowline,COUNT,-1,-1;COUNT_gnis_name_1 "COUNT_gnis_name_1" true true false 8 Double 0 0,First,#,NHDFlowline,COUNT_gnis_name_1,-1,-1;COUNT_1 "COUNT_1" true true false 8 Double 0 0,First,#,NHDFlowline,COUNT_1,-1,-1" #</Process><Process ToolSource="c:\program files\arcgis\pro\Resources\ArcToolbox\toolboxes\Data Management Tools.tbx\DeleteField" Date="20221010" Time="093143">DeleteField Major_Rivers_and_Creeks COUNT_gnis_name;COUNT;COUNT_gnis_name_1;COUNT_1 "Delete Fields"</Process><Process ToolSource="c:\program files\arcgis\pro\Resources\ArcToolbox\toolboxes\Conversion Tools.tbx\ExportFeatures" Date="20221010" Time="094212">ExportFeatures Major_Rivers_and_Creeks \\doe-fotox\Home\Workspace\Ushakova\NHD_Updates\NHD_MajorRivers\NHD_MajorRivers.gdb\Major_Rivers # NOT_USE_ALIAS "permanent_identifier "Permanent_Identifier" true true false 40 Text 0 0,First,#,Major_Rivers_and_Creeks,permanent_identifier,0,40;fdate "FDate" true true false 8 Date 0 0,First,#,Major_Rivers_and_Creeks,fdate,-1,-1;resolution "Resolution" true true false 4 Long 0 0,First,#,Major_Rivers_and_Creeks,resolution,-1,-1;gnis_id "GNIS_ID" true true false 10 Text 0 0,First,#,Major_Rivers_and_Creeks,gnis_id,0,10;gnis_name "GNIS_Name" true true false 65 Text 0 0,First,#,Major_Rivers_and_Creeks,gnis_name,0,65;lengthkm "LengthKm" true true false 8 Double 0 0,First,#,Major_Rivers_and_Creeks,lengthkm,-1,-1;reachcode "ReachCode" true true false 14 Text 0 0,First,#,Major_Rivers_and_Creeks,reachcode,0,14;flowdir "FlowDir" true true false 4 Long 0 0,First,#,Major_Rivers_and_Creeks,flowdir,-1,-1;wbarea_permanent_identifier "WBArea_Permanent_Identifier" true true false 40 Text 0 0,First,#,Major_Rivers_and_Creeks,wbarea_permanent_identifier,0,40;ftype "FType" true true false 4 Long 0 0,First,#,Major_Rivers_and_Creeks,ftype,-1,-1;fcode "FCode" true true false 4 Long 0 0,First,#,Major_Rivers_and_Creeks,fcode,-1,-1;mainpath "MainPath" true true false 4 Long 0 0,First,#,Major_Rivers_and_Creeks,mainpath,-1,-1;innetwork "InNetwork" true true false 4 Long 0 0,First,#,Major_Rivers_and_Creeks,innetwork,-1,-1;visibilityfilter "VisibilityFilter" true true false 4 Long 0 0,First,#,Major_Rivers_and_Creeks,visibilityfilter,-1,-1;Enabled "Enabled" true true false 2 Short 0 0,First,#,Major_Rivers_and_Creeks,Enabled,-1,-1;Shape_Length "Shape_Length" false true true 8 Double 0 0,First,#,Major_Rivers_and_Creeks,Shape_Length,-1,-1" #</Process><Process ToolSource="c:\program files\arcgis\pro\Resources\ArcToolbox\toolboxes\Conversion Tools.tbx\ExportFeatures" Date="20221010" Time="094322">ExportFeatures Major_Rivers \\doe-fotox\Home\Workspace\Ushakova\NHD_Updates\NHD_MajorRivers\NHD_Major_Rivers\NHD_Major_Rivers.shp # NOT_USE_ALIAS "permanent_identifier "Permanent_Identifier" true true false 40 Text 0 0,First,#,Major_Rivers,permanent_identifier,0,40;fdate "FDate" true true false 8 Date 0 0,First,#,Major_Rivers,fdate,-1,-1;resolution "Resolution" true true false 4 Long 0 0,First,#,Major_Rivers,resolution,-1,-1;gnis_id "GNIS_ID" true true false 10 Text 0 0,First,#,Major_Rivers,gnis_id,0,10;gnis_name "GNIS_Name" true true false 65 Text 0 0,First,#,Major_Rivers,gnis_name,0,65;lengthkm "LengthKm" true true false 8 Double 0 0,First,#,Major_Rivers,lengthkm,-1,-1;reachcode "ReachCode" true true false 14 Text 0 0,First,#,Major_Rivers,reachcode,0,14;flowdir "FlowDir" true true false 4 Long 0 0,First,#,Major_Rivers,flowdir,-1,-1;wbarea_permanent_identifier "WBArea_Permanent_Identifier" true true false 40 Text 0 0,First,#,Major_Rivers,wbarea_permanent_identifier,0,40;ftype "FType" true true false 4 Long 0 0,First,#,Major_Rivers,ftype,-1,-1;fcode "FCode" true true false 4 Long 0 0,First,#,Major_Rivers,fcode,-1,-1;mainpath "MainPath" true true false 4 Long 0 0,First,#,Major_Rivers,mainpath,-1,-1;innetwork "InNetwork" true true false 4 Long 0 0,First,#,Major_Rivers,innetwork,-1,-1;visibilityfilter "VisibilityFilter" true true false 4 Long 0 0,First,#,Major_Rivers,visibilityfilter,-1,-1;Enabled "Enabled" true true false 2 Short 0 0,First,#,Major_Rivers,Enabled,-1,-1;Shape_Length "Shape_Length" false true true 8 Double 0 0,First,#,Major_Rivers,Shape_Length,-1,-1" #</Process></lineage><itemProps><itemName Sync="TRUE">NHD_Major_Rivers</itemName><imsContentType Sync="TRUE">002</imsContentType><itemLocation><linkage Sync="TRUE">file://\\doe-fotox\Home\Workspace\Ushakova\NHD_Updates\NHD_MajorRivers\NHD_Major_Rivers\NHD_Major_Rivers.shp</linkage><protocol Sync="TRUE">Local Area Network</protocol></itemLocation><itemSize Sync="TRUE">0.000</itemSize></itemProps><coordRef><type Sync="TRUE">Geographic</type><geogcsn Sync="TRUE">GCS_North_American_1983</geogcsn><csUnits Sync="TRUE">Angular Unit: Degree (0.017453)</csUnits><peXml Sync="TRUE">&lt;GeographicCoordinateSystem xsi:type='typens:GeographicCoordinateSystem' xmlns:xsi='http://www.w3.org/2001/XMLSchema-instance' xmlns:xs='http://www.w3.org/2001/XMLSchema' xmlns:typens='http://www.esri.com/schemas/ArcGIS/3.0.0'&gt;&lt;WKT&gt;GEOGCS[&amp;quot;GCS_North_American_1983&amp;quot;,DATUM[&amp;quot;D_North_American_1983&amp;quot;,SPHEROID[&amp;quot;GRS_1980&amp;quot;,6378137.0,298.257222101]],PRIMEM[&amp;quot;Greenwich&amp;quot;,0.0],UNIT[&amp;quot;Degree&amp;quot;,0.0174532925199433],AUTHORITY[&amp;quot;EPSG&amp;quot;,4269]],VERTCS[&amp;quot;NAVD_1988&amp;quot;,VDATUM[&amp;quot;North_American_Vertical_Datum_1988&amp;quot;],PARAMETER[&amp;quot;Vertical_Shift&amp;quot;,0.0],PARAMETER[&amp;quot;Direction&amp;quot;,1.0],UNIT[&amp;quot;Meter&amp;quot;,1.0],AUTHORITY[&amp;quot;EPSG&amp;quot;,5703]]&lt;/WKT&gt;&lt;XOrigin&gt;-400&lt;/XOrigin&gt;&lt;YOrigin&gt;-400&lt;/YOrigin&gt;&lt;XYScale&gt;11258999068426.238&lt;/XYScale&gt;&lt;ZOrigin&gt;-100000&lt;/ZOrigin&gt;&lt;ZScale&gt;10000&lt;/ZScale&gt;&lt;MOrigin&gt;-100000&lt;/MOrigin&gt;&lt;MScale&gt;10000&lt;/MScale&gt;&lt;XYTolerance&gt;8.983152841195215e-09&lt;/XYTolerance&gt;&lt;ZTolerance&gt;0.001&lt;/ZTolerance&gt;&lt;MTolerance&gt;0.001&lt;/MTolerance&gt;&lt;HighPrecision&gt;true&lt;/HighPrecision&gt;&lt;LeftLongitude&gt;-180&lt;/LeftLongitude&gt;&lt;WKID&gt;4269&lt;/WKID&gt;&lt;LatestWKID&gt;4269&lt;/LatestWKID&gt;&lt;VCSWKID&gt;5703&lt;/VCSWKID&gt;&lt;LatestVCSWKID&gt;5703&lt;/LatestVCSWKID&gt;&lt;/GeographicCoordinateSystem&gt;</peXml></coordRef></DataProperties><SyncDate>20221010</SyncDate><SyncTime>09431300</SyncTime><ModDate>20221010</ModDate><ModTime>09431300</ModTime></Esri><dataIdInfo><envirDesc Sync="TRUE">Microsoft Windows 10 Version 10.0 (Build 19041) ; Esri ArcGIS 13.0.0.36056</envirDesc><dataLang><languageCode value="eng" Sync="TRUE"></languageCode><countryCode value="USA" Sync="TRUE"></countryCode></dataLang><idCitation><resTitle Sync="TRUE">NHD_Major_Rivers</resTitle><presForm><PresFormCd value="005" Sync="TRUE"></PresFormCd></presForm></idCitation><spatRpType><SpatRepTypCd value="001" Sync="TRUE"></SpatRepTypCd></spatRpType></dataIdInfo><mdLang><languageCode value="eng" Sync="TRUE"></languageCode><countryCode value="USA" Sync="TRUE"></countryCode></mdLang><distInfo><distFormat><formatName Sync="TRUE">Shapefile</formatName></distFormat><distTranOps><transSize Sync="TRUE">0.000</transSize></distTranOps></distInfo><mdHrLv><ScopeCd value="005" Sync="TRUE"></ScopeCd></mdHrLv><mdHrLvName Sync="TRUE">dataset</mdHrLvName><refSysInfo><RefSystem><refSysID><identCode code="4269" Sync="TRUE"></identCode><idCodeSpace Sync="TRUE">EPSG</idCodeSpace><idVersion Sync="TRUE">6.5(3.0.1)</idVersion></refSysID></RefSystem></refSysInfo><spatRepInfo><VectSpatRep><geometObjs Name="NHD_Major_Rivers"><geoObjTyp><GeoObjTypCd value="002" Sync="TRUE"></GeoObjTypCd></geoObjTyp><geoObjCnt Sync="TRUE">0</geoObjCnt></geometObjs><topLvl><TopoLevCd value="001" Sync="TRUE"></TopoLevCd></topLvl></VectSpatRep></spatRepInfo><spdoinfo><ptvctinf><esriterm Name="NHD_Major_Rivers"><efeatyp Sync="TRUE">Simple</efeatyp><efeageom code="3" Sync="TRUE"></efeageom><esritopo Sync="TRUE">FALSE</esritopo><efeacnt Sync="TRUE">0</efeacnt><spindex Sync="TRUE">FALSE</spindex><linrefer Sync="TRUE">TRUE</linrefer></esriterm></ptvctinf></spdoinfo><eainfo><detailed Name="NHD_Major_Rivers"><enttyp><enttypl Sync="TRUE">NHD_Major_Rivers</enttypl><enttypt Sync="TRUE">Feature Class</enttypt><enttypc Sync="TRUE">0</enttypc></enttyp><attr><attrlabl Sync="TRUE">Shape</attrlabl><attalias Sync="TRUE">Shape</attalias><attrtype Sync="TRUE">Geometry</attrtype><attwidth Sync="TRUE">0</attwidth><atprecis Sync="TRUE">0</atprecis><attscale Sync="TRUE">0</attscale><attrdef Sync="TRUE">Feature geometry.</attrdef><attrdefs Sync="TRUE">Esri</attrdefs><attrdomv><udom Sync="TRUE">Coordinates defining the features.</udom></attrdomv></attr><attr><attrlabl Sync="TRUE">fdate</attrlabl><attalias Sync="TRUE">fdate</attalias><attrtype Sync="TRUE">Date</attrtype><attwidth Sync="TRUE">8</attwidth><atprecis Sync="TRUE">0</atprecis><attscale Sync="TRUE">0</attscale></attr><attr><attrlabl Sync="TRUE">resolution</attrlabl><attalias Sync="TRUE">resolution</attalias><attrtype Sync="TRUE">Integer</attrtype><attwidth Sync="TRUE">10</attwidth><atprecis Sync="TRUE">10</atprecis><attscale Sync="TRUE">0</attscale></attr><attr><attrlabl Sync="TRUE">gnis_id</attrlabl><attalias Sync="TRUE">gnis_id</attalias><attrtype Sync="TRUE">String</attrtype><attwidth Sync="TRUE">10</attwidth><atprecis Sync="TRUE">0</atprecis><attscale Sync="TRUE">0</attscale></attr><attr><attrlabl Sync="TRUE">gnis_name</attrlabl><attalias Sync="TRUE">gnis_name</attalias><attrtype Sync="TRUE">String</attrtype><attwidth Sync="TRUE">65</attwidth><atprecis Sync="TRUE">0</atprecis><attscale Sync="TRUE">0</attscale></attr><attr><attrlabl Sync="TRUE">lengthkm</attrlabl><attalias Sync="TRUE">lengthkm</attalias><attrtype Sync="TRUE">Double</attrtype><attwidth Sync="TRUE">19</attwidth><atprecis Sync="TRUE">0</atprecis><attscale Sync="TRUE">0</attscale></attr><attr><attrlabl Sync="TRUE">reachcode</attrlabl><attalias Sync="TRUE">reachcode</attalias><attrtype Sync="TRUE">String</attrtype><attwidth Sync="TRUE">14</attwidth><atprecis Sync="TRUE">0</atprecis><attscale Sync="TRUE">0</attscale></attr><attr><attrlabl Sync="TRUE">flowdir</attrlabl><attalias Sync="TRUE">flowdir</attalias><attrtype Sync="TRUE">Integer</attrtype><attwidth Sync="TRUE">10</attwidth><atprecis Sync="TRUE">10</atprecis><attscale Sync="TRUE">0</attscale></attr><attr><attrlabl Sync="TRUE">FID</attrlabl><attalias Sync="TRUE">FID</attalias><attrtype Sync="TRUE">OID</attrtype><attwidth Sync="TRUE">4</attwidth><atprecis Sync="TRUE">0</atprecis><attscale Sync="TRUE">0</attscale><attrdef Sync="TRUE">Internal feature number.</attrdef><attrdefs Sync="TRUE">Esri</attrdefs><attrdomv><udom Sync="TRUE">Sequential unique whole numbers that are automatically generated.</udom></attrdomv></attr><attr><attrlabl Sync="TRUE">ftype</attrlabl><attalias Sync="TRUE">ftype</attalias><attrtype Sync="TRUE">Integer</attrtype><attwidth Sync="TRUE">10</attwidth><atprecis Sync="TRUE">10</atprecis><attscale Sync="TRUE">0</attscale></attr><attr><attrlabl Sync="TRUE">permanent_</attrlabl><attalias Sync="TRUE">permanent_</attalias><attrtype Sync="TRUE">String</attrtype><attwidth Sync="TRUE">40</attwidth><atprecis Sync="TRUE">0</atprecis><attscale Sync="TRUE">0</attscale></attr><attr><attrlabl Sync="TRUE">fcode</attrlabl><attalias Sync="TRUE">fcode</attalias><attrtype Sync="TRUE">Integer</attrtype><attwidth Sync="TRUE">10</attwidth><atprecis Sync="TRUE">10</atprecis><attscale Sync="TRUE">0</attscale></attr><attr><attrlabl Sync="TRUE">mainpath</attrlabl><attalias Sync="TRUE">mainpath</attalias><attrtype Sync="TRUE">Integer</attrtype><attwidth Sync="TRUE">10</attwidth><atprecis Sync="TRUE">10</atprecis><attscale Sync="TRUE">0</attscale></attr><attr><attrlabl Sync="TRUE">innetwork</attrlabl><attalias Sync="TRUE">innetwork</attalias><attrtype Sync="TRUE">Integer</attrtype><attwidth Sync="TRUE">10</attwidth><atprecis Sync="TRUE">10</atprecis><attscale Sync="TRUE">0</attscale></attr><attr><attrlabl Sync="TRUE">Enabled</attrlabl><attalias Sync="TRUE">Enabled</attalias><attrtype Sync="TRUE">Integer</attrtype><attwidth Sync="TRUE">5</attwidth><atprecis Sync="TRUE">5</atprecis><attscale Sync="TRUE">0</attscale></attr><subtype><stname Sync="TRUE">Underground Conduit</stname><stcode Sync="TRUE">420</stcode><stfield><stfldnm Sync="TRUE">resolution</stfldnm><stflddd><domname Sync="TRUE">Resolution</domname><domdesc Sync="TRUE"></domdesc><domtype Sync="TRUE">Coded Value</domtype><mrgtype Sync="TRUE">Default value</mrgtype><splttype Sync="TRUE">Duplicate</splttype><domowner Sync="TRUE"></domowner><domfldtp Sync="TRUE">Integer</domfldtp></stflddd></stfield><stfield><stfldnm Sync="TRUE">flowdir</stfldnm><stflddv Sync="TRUE">0</stflddv><stflddd><domname Sync="TRUE">HydroFlowDirections</domname><domdesc Sync="TRUE"></domdesc><domtype Sync="TRUE">Coded Value</domtype><mrgtype Sync="TRUE">Default value</mrgtype><splttype Sync="TRUE">Duplicate</splttype><domowner Sync="TRUE"></domowner><domfldtp Sync="TRUE">Integer</domfldtp></stflddd></stfield><stfield><stfldnm Sync="TRUE">fcode</stfldnm><stflddv Sync="TRUE">42000</stflddv><stflddd><domname Sync="TRUE">Underground Conduit FCode</domname><domdesc Sync="TRUE"></domdesc><domtype Sync="TRUE">Coded Value</domtype><mrgtype Sync="TRUE">Default value</mrgtype><splttype Sync="TRUE">Duplicate</splttype><domowner Sync="TRUE"></domowner><domfldtp Sync="TRUE">Integer</domfldtp></stflddd></stfield><stfield><stfldnm Sync="TRUE">mainpath</stfldnm><stflddv Sync="TRUE">0</stflddv><stflddd><domname Sync="TRUE">MainPath Domain</domname><domdesc Sync="TRUE"></domdesc><domtype Sync="TRUE">Coded Value</domtype><mrgtype Sync="TRUE">Default value</mrgtype><splttype Sync="TRUE">Duplicate</splttype><domowner Sync="TRUE"></domowner><domfldtp Sync="TRUE">Integer</domfldtp></stflddd></stfield><stfield><stfldnm Sync="TRUE">innetwork</stfldnm><stflddv Sync="TRUE">1</stflddv><stflddd><domname Sync="TRUE">NoYes Domain</domname><domdesc Sync="TRUE"></domdesc><domtype Sync="TRUE">Coded Value</domtype><mrgtype Sync="TRUE">Default value</mrgtype><splttype Sync="TRUE">Duplicate</splttype><domowner Sync="TRUE"></domowner><domfldtp Sync="TRUE">Integer</domfldtp></stflddd></stfield><stfield><stfldnm Sync="TRUE">visibilityfilter</stfldnm><stflddv Sync="TRUE">0</stflddv><stflddd><domname Sync="TRUE">VisibilityFilter Domain</domname><domdesc Sync="TRUE"></domdesc><domtype Sync="TRUE">Coded Value</domtype><mrgtype Sync="TRUE">Default value</mrgtype><splttype Sync="TRUE">Duplicate</splttype><domowner Sync="TRUE"></domowner><domfldtp Sync="TRUE">Integer</domfldtp></stflddd></stfield><stfield><stfldnm Sync="TRUE">Enabled</stfldnm><stflddv Sync="TRUE">1</stflddv><stflddd><domname Sync="TRUE">EnabledDomain</domname><domdesc Sync="TRUE"></domdesc><domtype Sync="TRUE">Coded Value</domtype><mrgtype Sync="TRUE">Default value</mrgtype><splttype Sync="TRUE">Default value</splttype><domowner Sync="TRUE"></domowner><domfldtp Sync="TRUE">SmallInteger</domfldtp></stflddd></stfield></subtype><subtype><stname Sync="TRUE">Coastline</stname><stcode Sync="TRUE">566</stcode><stfield><stfldnm Sync="TRUE">resolution</stfldnm><stflddd><domname Sync="TRUE">Resolution</domname><domdesc Sync="TRUE"></domdesc><domtype Sync="TRUE">Coded Value</domtype><mrgtype Sync="TRUE">Default value</mrgtype><splttype Sync="TRUE">Duplicate</splttype><domowner Sync="TRUE"></domowner><domfldtp Sync="TRUE">Integer</domfldtp></stflddd></stfield><stfield><stfldnm Sync="TRUE">flowdir</stfldnm><stflddv Sync="TRUE">0</stflddv><stflddd><domname Sync="TRUE">HydroFlowDirections</domname><domdesc Sync="TRUE"></domdesc><domtype Sync="TRUE">Coded Value</domtype><mrgtype Sync="TRUE">Default value</mrgtype><splttype Sync="TRUE">Duplicate</splttype><domowner Sync="TRUE"></domowner><domfldtp Sync="TRUE">Integer</domfldtp></stflddd></stfield><stfield><stfldnm Sync="TRUE">fcode</stfldnm><stflddv Sync="TRUE">56600</stflddv><stflddd><domname Sync="TRUE">Coastline FCode</domname><domdesc Sync="TRUE"></domdesc><domtype Sync="TRUE">Coded Value</domtype><mrgtype Sync="TRUE">Default value</mrgtype><splttype Sync="TRUE">Duplicate</splttype><domowner Sync="TRUE"></domowner><domfldtp Sync="TRUE">Integer</domfldtp></stflddd></stfield><stfield><stfldnm Sync="TRUE">mainpath</stfldnm><stflddv Sync="TRUE">0</stflddv><stflddd><domname Sync="TRUE">MainPath Domain</domname><domdesc Sync="TRUE"></domdesc><domtype Sync="TRUE">Coded Value</domtype><mrgtype Sync="TRUE">Default value</mrgtype><splttype Sync="TRUE">Duplicate</splttype><domowner Sync="TRUE"></domowner><domfldtp Sync="TRUE">Integer</domfldtp></stflddd></stfield><stfield><stfldnm Sync="TRUE">innetwork</stfldnm><stflddv Sync="TRUE">1</stflddv><stflddd><domname Sync="TRUE">NoYes Domain</domname><domdesc Sync="TRUE"></domdesc><domtype Sync="TRUE">Coded Value</domtype><mrgtype Sync="TRUE">Default value</mrgtype><splttype Sync="TRUE">Duplicate</splttype><domowner Sync="TRUE"></domowner><domfldtp Sync="TRUE">Integer</domfldtp></stflddd></stfield><stfield><stfldnm Sync="TRUE">visibilityfilter</stfldnm><stflddv Sync="TRUE">0</stflddv><stflddd><domname Sync="TRUE">VisibilityFilter Domain</domname><domdesc Sync="TRUE"></domdesc><domtype Sync="TRUE">Coded Value</domtype><mrgtype Sync="TRUE">Default value</mrgtype><splttype Sync="TRUE">Duplicate</splttype><domowner Sync="TRUE"></domowner><domfldtp Sync="TRUE">Integer</domfldtp></stflddd></stfield><stfield><stfldnm Sync="TRUE">Enabled</stfldnm><stflddv Sync="TRUE">1</stflddv><stflddd><domname Sync="TRUE">EnabledDomain</domname><domdesc Sync="TRUE"></domdesc><domtype Sync="TRUE">Coded Value</domtype><mrgtype Sync="TRUE">Default value</mrgtype><splttype Sync="TRUE">Default value</splttype><domowner Sync="TRUE"></domowner><domfldtp Sync="TRUE">SmallInteger</domfldtp></stflddd></stfield></subtype><subtype><stname Sync="TRUE">Pipeline</stname><stcode Sync="TRUE">428</stcode><stfield><stfldnm Sync="TRUE">resolution</stfldnm><stflddd><domname Sync="TRUE">Resolution</domname><domdesc Sync="TRUE"></domdesc><domtype Sync="TRUE">Coded Value</domtype><mrgtype Sync="TRUE">Default value</mrgtype><splttype Sync="TRUE">Duplicate</splttype><domowner Sync="TRUE"></domowner><domfldtp Sync="TRUE">Integer</domfldtp></stflddd></stfield><stfield><stfldnm Sync="TRUE">flowdir</stfldnm><stflddv Sync="TRUE">0</stflddv><stflddd><domname Sync="TRUE">HydroFlowDirections</domname><domdesc Sync="TRUE"></domdesc><domtype Sync="TRUE">Coded Value</domtype><mrgtype Sync="TRUE">Default value</mrgtype><splttype Sync="TRUE">Duplicate</splttype><domowner Sync="TRUE"></domowner><domfldtp Sync="TRUE">Integer</domfldtp></stflddd></stfield><stfield><stfldnm Sync="TRUE">fcode</stfldnm><stflddv Sync="TRUE">42805</stflddv><stflddd><domname Sync="TRUE">Pipeline FCode</domname><domdesc Sync="TRUE"></domdesc><domtype Sync="TRUE">Coded Value</domtype><mrgtype Sync="TRUE">Default value</mrgtype><splttype Sync="TRUE">Duplicate</splttype><domowner Sync="TRUE"></domowner><domfldtp Sync="TRUE">Integer</domfldtp></stflddd></stfield><stfield><stfldnm Sync="TRUE">mainpath</stfldnm><stflddv Sync="TRUE">0</stflddv><stflddd><domname Sync="TRUE">MainPath Domain</domname><domdesc Sync="TRUE"></domdesc><domtype Sync="TRUE">Coded Value</domtype><mrgtype Sync="TRUE">Default value</mrgtype><splttype Sync="TRUE">Duplicate</splttype><domowner Sync="TRUE"></domowner><domfldtp Sync="TRUE">Integer</domfldtp></stflddd></stfield><stfield><stfldnm Sync="TRUE">innetwork</stfldnm><stflddv Sync="TRUE">1</stflddv><stflddd><domname Sync="TRUE">NoYes Domain</domname><domdesc Sync="TRUE"></domdesc><domtype Sync="TRUE">Coded Value</domtype><mrgtype Sync="TRUE">Default value</mrgtype><splttype Sync="TRUE">Duplicate</splttype><domowner Sync="TRUE"></domowner><domfldtp Sync="TRUE">Integer</domfldtp></stflddd></stfield><stfield><stfldnm Sync="TRUE">visibilityfilter</stfldnm><stflddv Sync="TRUE">0</stflddv><stflddd><domname Sync="TRUE">VisibilityFilter Domain</domname><domdesc Sync="TRUE"></domdesc><domtype Sync="TRUE">Coded Value</domtype><mrgtype Sync="TRUE">Default value</mrgtype><splttype Sync="TRUE">Duplicate</splttype><domowner Sync="TRUE"></domowner><domfldtp Sync="TRUE">Integer</domfldtp></stflddd></stfield><stfield><stfldnm Sync="TRUE">Enabled</stfldnm><stflddv Sync="TRUE">1</stflddv><stflddd><domname Sync="TRUE">EnabledDomain</domname><domdesc Sync="TRUE"></domdesc><domtype Sync="TRUE">Coded Value</domtype><mrgtype Sync="TRUE">Default value</mrgtype><splttype Sync="TRUE">Default value</splttype><domowner Sync="TRUE"></domowner><domfldtp Sync="TRUE">SmallInteger</domfldtp></stflddd></stfield></subtype><attr><attrlabl Sync="TRUE">wbarea_per</attrlabl><attalias Sync="TRUE">wbarea_per</attalias><attrtype Sync="TRUE">String</attrtype><attwidth Sync="TRUE">40</attwidth><atprecis Sync="TRUE">0</atprecis><attscale Sync="TRUE">0</attscale></attr><subtype><stname Sync="TRUE">StreamRiver</stname><stcode Sync="TRUE">460</stcode><stfield><stfldnm Sync="TRUE">resolution</stfldnm><stflddd><domname Sync="TRUE">Resolution</domname><domdesc Sync="TRUE"></domdesc><domtype Sync="TRUE">Coded Value</domtype><mrgtype Sync="TRUE">Default value</mrgtype><splttype Sync="TRUE">Duplicate</splttype><domowner Sync="TRUE"></domowner><domfldtp Sync="TRUE">Integer</domfldtp></stflddd></stfield><stfield><stfldnm Sync="TRUE">flowdir</stfldnm><stflddv Sync="TRUE">0</stflddv><stflddd><domname Sync="TRUE">HydroFlowDirections</domname><domdesc Sync="TRUE"></domdesc><domtype Sync="TRUE">Coded Value</domtype><mrgtype Sync="TRUE">Default value</mrgtype><splttype Sync="TRUE">Duplicate</splttype><domowner Sync="TRUE"></domowner><domfldtp Sync="TRUE">Integer</domfldtp></stflddd></stfield><stfield><stfldnm Sync="TRUE">fcode</stfldnm><stflddv Sync="TRUE">46006</stflddv><stflddd><domname Sync="TRUE">StreamRiver FCode</domname><domdesc Sync="TRUE"></domdesc><domtype Sync="TRUE">Coded Value</domtype><mrgtype Sync="TRUE">Default value</mrgtype><splttype Sync="TRUE">Duplicate</splttype><domowner Sync="TRUE"></domowner><domfldtp Sync="TRUE">Integer</domfldtp></stflddd></stfield><stfield><stfldnm Sync="TRUE">mainpath</stfldnm><stflddv Sync="TRUE">0</stflddv><stflddd><domname Sync="TRUE">MainPath Domain</domname><domdesc Sync="TRUE"></domdesc><domtype Sync="TRUE">Coded Value</domtype><mrgtype Sync="TRUE">Default value</mrgtype><splttype Sync="TRUE">Duplicate</splttype><domowner Sync="TRUE"></domowner><domfldtp Sync="TRUE">Integer</domfldtp></stflddd></stfield><stfield><stfldnm Sync="TRUE">innetwork</stfldnm><stflddv Sync="TRUE">1</stflddv><stflddd><domname Sync="TRUE">NoYes Domain</domname><domdesc Sync="TRUE"></domdesc><domtype Sync="TRUE">Coded Value</domtype><mrgtype Sync="TRUE">Default value</mrgtype><splttype Sync="TRUE">Duplicate</splttype><domowner Sync="TRUE"></domowner><domfldtp Sync="TRUE">Integer</domfldtp></stflddd></stfield><stfield><stfldnm Sync="TRUE">visibilityfilter</stfldnm><stflddv Sync="TRUE">0</stflddv><stflddd><domname Sync="TRUE">VisibilityFilter Domain</domname><domdesc Sync="TRUE"></domdesc><domtype Sync="TRUE">Coded Value</domtype><mrgtype Sync="TRUE">Default value</mrgtype><splttype Sync="TRUE">Duplicate</splttype><domowner Sync="TRUE"></domowner><domfldtp Sync="TRUE">Integer</domfldtp></stflddd></stfield><stfield><stfldnm Sync="TRUE">Enabled</stfldnm><stflddv Sync="TRUE">1</stflddv><stflddd><domname Sync="TRUE">EnabledDomain</domname><domdesc Sync="TRUE"></domdesc><domtype Sync="TRUE">Coded Value</domtype><mrgtype Sync="TRUE">Default value</mrgtype><splttype Sync="TRUE">Default value</splttype><domowner Sync="TRUE"></domowner><domfldtp Sync="TRUE">SmallInteger</domfldtp></stflddd></stfield></subtype><subtype><stname Sync="TRUE">ArtificialPath</stname><stcode Sync="TRUE">558</stcode><stfield><stfldnm Sync="TRUE">resolution</stfldnm><stflddd><domname Sync="TRUE">Resolution</domname><domdesc Sync="TRUE"></domdesc><domtype Sync="TRUE">Coded Value</domtype><mrgtype Sync="TRUE">Default value</mrgtype><splttype Sync="TRUE">Duplicate</splttype><domowner Sync="TRUE"></domowner><domfldtp Sync="TRUE">Integer</domfldtp></stflddd></stfield><stfield><stfldnm Sync="TRUE">flowdir</stfldnm><stflddv Sync="TRUE">0</stflddv><stflddd><domname Sync="TRUE">HydroFlowDirections</domname><domdesc Sync="TRUE"></domdesc><domtype Sync="TRUE">Coded Value</domtype><mrgtype Sync="TRUE">Default value</mrgtype><splttype Sync="TRUE">Duplicate</splttype><domowner Sync="TRUE"></domowner><domfldtp Sync="TRUE">Integer</domfldtp></stflddd></stfield><stfield><stfldnm Sync="TRUE">fcode</stfldnm><stflddv Sync="TRUE">55800</stflddv><stflddd><domname Sync="TRUE">ArtificialPath FCode</domname><domdesc Sync="TRUE"></domdesc><domtype Sync="TRUE">Coded Value</domtype><mrgtype Sync="TRUE">Default value</mrgtype><splttype Sync="TRUE">Duplicate</splttype><domowner Sync="TRUE"></domowner><domfldtp Sync="TRUE">Integer</domfldtp></stflddd></stfield><stfield><stfldnm Sync="TRUE">mainpath</stfldnm><stflddv Sync="TRUE">0</stflddv><stflddd><domname Sync="TRUE">MainPath Domain</domname><domdesc Sync="TRUE"></domdesc><domtype Sync="TRUE">Coded Value</domtype><mrgtype Sync="TRUE">Default value</mrgtype><splttype Sync="TRUE">Duplicate</splttype><domowner Sync="TRUE"></domowner><domfldtp Sync="TRUE">Integer</domfldtp></stflddd></stfield><stfield><stfldnm Sync="TRUE">innetwork</stfldnm><stflddv Sync="TRUE">1</stflddv><stflddd><domname Sync="TRUE">NoYes Domain</domname><domdesc Sync="TRUE"></domdesc><domtype Sync="TRUE">Coded Value</domtype><mrgtype Sync="TRUE">Default value</mrgtype><splttype Sync="TRUE">Duplicate</splttype><domowner Sync="TRUE"></domowner><domfldtp Sync="TRUE">Integer</domfldtp></stflddd></stfield><stfield><stfldnm Sync="TRUE">visibilityfilter</stfldnm><stflddv Sync="TRUE">0</stflddv><stflddd><domname Sync="TRUE">VisibilityFilter Domain</domname><domdesc Sync="TRUE"></domdesc><domtype Sync="TRUE">Coded Value</domtype><mrgtype Sync="TRUE">Default value</mrgtype><splttype Sync="TRUE">Duplicate</splttype><domowner Sync="TRUE"></domowner><domfldtp Sync="TRUE">Integer</domfldtp></stflddd></stfield><stfield><stfldnm Sync="TRUE">Enabled</stfldnm><stflddv Sync="TRUE">1</stflddv><stflddd><domname Sync="TRUE">EnabledDomain</domname><domdesc Sync="TRUE"></domdesc><domtype Sync="TRUE">Coded Value</domtype><mrgtype Sync="TRUE">Default value</mrgtype><splttype Sync="TRUE">Default value</splttype><domowner Sync="TRUE"></domowner><domfldtp Sync="TRUE">SmallInteger</domfldtp></stflddd></stfield></subtype><subtype><stname Sync="TRUE">Connector</stname><stcode Sync="TRUE">334</stcode><stfield><stfldnm Sync="TRUE">resolution</stfldnm><stflddd><domname Sync="TRUE">Resolution</domname><domdesc Sync="TRUE"></domdesc><domtype Sync="TRUE">Coded Value</domtype><mrgtype Sync="TRUE">Default value</mrgtype><splttype Sync="TRUE">Duplicate</splttype><domowner Sync="TRUE"></domowner><domfldtp Sync="TRUE">Integer</domfldtp></stflddd></stfield><stfield><stfldnm Sync="TRUE">flowdir</stfldnm><stflddv Sync="TRUE">0</stflddv><stflddd><domname Sync="TRUE">HydroFlowDirections</domname><domdesc Sync="TRUE"></domdesc><domtype Sync="TRUE">Coded Value</domtype><mrgtype Sync="TRUE">Default value</mrgtype><splttype Sync="TRUE">Duplicate</splttype><domowner Sync="TRUE"></domowner><domfldtp Sync="TRUE">Integer</domfldtp></stflddd></stfield><stfield><stfldnm Sync="TRUE">fcode</stfldnm><stflddv Sync="TRUE">33400</stflddv><stflddd><domname Sync="TRUE">Connector FCode</domname><domdesc Sync="TRUE"></domdesc><domtype Sync="TRUE">Coded Value</domtype><mrgtype Sync="TRUE">Default value</mrgtype><splttype Sync="TRUE">Duplicate</splttype><domowner Sync="TRUE"></domowner><domfldtp Sync="TRUE">Integer</domfldtp></stflddd></stfield><stfield><stfldnm Sync="TRUE">mainpath</stfldnm><stflddv Sync="TRUE">0</stflddv><stflddd><domname Sync="TRUE">MainPath Domain</domname><domdesc Sync="TRUE"></domdesc><domtype Sync="TRUE">Coded Value</domtype><mrgtype Sync="TRUE">Default value</mrgtype><splttype Sync="TRUE">Duplicate</splttype><domowner Sync="TRUE"></domowner><domfldtp Sync="TRUE">Integer</domfldtp></stflddd></stfield><stfield><stfldnm Sync="TRUE">innetwork</stfldnm><stflddv Sync="TRUE">1</stflddv><stflddd><domname Sync="TRUE">NoYes Domain</domname><domdesc Sync="TRUE"></domdesc><domtype Sync="TRUE">Coded Value</domtype><mrgtype Sync="TRUE">Default value</mrgtype><splttype Sync="TRUE">Duplicate</splttype><domowner Sync="TRUE"></domowner><domfldtp Sync="TRUE">Integer</domfldtp></stflddd></stfield><stfield><stfldnm Sync="TRUE">visibilityfilter</stfldnm><stflddv Sync="TRUE">0</stflddv><stflddd><domname Sync="TRUE">VisibilityFilter Domain</domname><domdesc Sync="TRUE"></domdesc><domtype Sync="TRUE">Coded Value</domtype><mrgtype Sync="TRUE">Default value</mrgtype><splttype Sync="TRUE">Duplicate</splttype><domowner Sync="TRUE"></domowner><domfldtp Sync="TRUE">Integer</domfldtp></stflddd></stfield><stfield><stfldnm Sync="TRUE">Enabled</stfldnm><stflddv Sync="TRUE">1</stflddv><stflddd><domname Sync="TRUE">EnabledDomain</domname><domdesc Sync="TRUE"></domdesc><domtype Sync="TRUE">Coded Value</domtype><mrgtype Sync="TRUE">Default value</mrgtype><splttype Sync="TRUE">Default value</splttype><domowner Sync="TRUE"></domowner><domfldtp Sync="TRUE">SmallInteger</domfldtp></stflddd></stfield></subtype><subtype><stname Sync="TRUE">CanalDitch</stname><stcode Sync="TRUE">336</stcode><stfield><stfldnm Sync="TRUE">resolution</stfldnm><stflddd><domname Sync="TRUE">Resolution</domname><domdesc Sync="TRUE"></domdesc><domtype Sync="TRUE">Coded Value</domtype><mrgtype Sync="TRUE">Default value</mrgtype><splttype Sync="TRUE">Duplicate</splttype><domowner Sync="TRUE"></domowner><domfldtp Sync="TRUE">Integer</domfldtp></stflddd></stfield><stfield><stfldnm Sync="TRUE">flowdir</stfldnm><stflddv Sync="TRUE">0</stflddv><stflddd><domname Sync="TRUE">HydroFlowDirections</domname><domdesc Sync="TRUE"></domdesc><domtype Sync="TRUE">Coded Value</domtype><mrgtype Sync="TRUE">Default value</mrgtype><splttype Sync="TRUE">Duplicate</splttype><domowner Sync="TRUE"></domowner><domfldtp Sync="TRUE">Integer</domfldtp></stflddd></stfield><stfield><stfldnm Sync="TRUE">fcode</stfldnm><stflddv Sync="TRUE">33600</stflddv><stflddd><domname Sync="TRUE">CanalDitch FCode</domname><domdesc Sync="TRUE"></domdesc><domtype Sync="TRUE">Coded Value</domtype><mrgtype Sync="TRUE">Default value</mrgtype><splttype Sync="TRUE">Duplicate</splttype><domowner Sync="TRUE"></domowner><domfldtp Sync="TRUE">Integer</domfldtp></stflddd></stfield><stfield><stfldnm Sync="TRUE">mainpath</stfldnm><stflddv Sync="TRUE">0</stflddv><stflddd><domname Sync="TRUE">MainPath Domain</domname><domdesc Sync="TRUE"></domdesc><domtype Sync="TRUE">Coded Value</domtype><mrgtype Sync="TRUE">Default value</mrgtype><splttype Sync="TRUE">Duplicate</splttype><domowner Sync="TRUE"></domowner><domfldtp Sync="TRUE">Integer</domfldtp></stflddd></stfield><stfield><stfldnm Sync="TRUE">innetwork</stfldnm><stflddv Sync="TRUE">1</stflddv><stflddd><domname Sync="TRUE">NoYes Domain</domname><domdesc Sync="TRUE"></domdesc><domtype Sync="TRUE">Coded Value</domtype><mrgtype Sync="TRUE">Default value</mrgtype><splttype Sync="TRUE">Duplicate</splttype><domowner Sync="TRUE"></domowner><domfldtp Sync="TRUE">Integer</domfldtp></stflddd></stfield><stfield><stfldnm Sync="TRUE">visibilityfilter</stfldnm><stflddv Sync="TRUE">0</stflddv><stflddd><domname Sync="TRUE">VisibilityFilter Domain</domname><domdesc Sync="TRUE"></domdesc><domtype Sync="TRUE">Coded Value</domtype><mrgtype Sync="TRUE">Default value</mrgtype><splttype Sync="TRUE">Duplicate</splttype><domowner Sync="TRUE"></domowner><domfldtp Sync="TRUE">Integer</domfldtp></stflddd></stfield><stfield><stfldnm Sync="TRUE">Enabled</stfldnm><stflddv Sync="TRUE">1</stflddv><stflddd><domname Sync="TRUE">EnabledDomain</domname><domdesc Sync="TRUE"></domdesc><domtype Sync="TRUE">Coded Value</domtype><mrgtype Sync="TRUE">Default value</mrgtype><splttype Sync="TRUE">Default value</splttype><domowner Sync="TRUE"></domowner><domfldtp Sync="TRUE">SmallInteger</domfldtp></stflddd></stfield></subtype><attr><attrlabl Sync="TRUE">visibility</attrlabl><attalias Sync="TRUE">visibility</attalias><attrtype Sync="TRUE">Integer</attrtype><attwidth Sync="TRUE">10</attwidth><atprecis Sync="TRUE">10</atprecis><attscale Sync="TRUE">0</attscale></attr><subtype><stname Sync="TRUE">Drainageway</stname><stcode Sync="TRUE">468</stcode><stfield><stfldnm Sync="TRUE">resolution</stfldnm><stflddd><domname Sync="TRUE">Resolution</domname><domdesc Sync="TRUE"></domdesc><domtype Sync="TRUE">Coded Value</domtype><mrgtype Sync="TRUE">Default value</mrgtype><splttype Sync="TRUE">Duplicate</splttype><domowner Sync="TRUE"></domowner><domfldtp Sync="TRUE">Integer</domfldtp></stflddd></stfield><stfield><stfldnm Sync="TRUE">flowdir</stfldnm><stflddv Sync="TRUE">0</stflddv><stflddd><domname Sync="TRUE">HydroFlowDirections</domname><domdesc Sync="TRUE"></domdesc><domtype Sync="TRUE">Coded Value</domtype><mrgtype Sync="TRUE">Default value</mrgtype><splttype Sync="TRUE">Duplicate</splttype><domowner Sync="TRUE"></domowner><domfldtp Sync="TRUE">Integer</domfldtp></stflddd></stfield><stfield><stfldnm Sync="TRUE">fcode</stfldnm><stflddv Sync="TRUE">46800</stflddv><stflddd><domname Sync="TRUE">Drainageway</domname><domdesc Sync="TRUE"></domdesc><domtype Sync="TRUE">Coded Value</domtype><mrgtype Sync="TRUE">Default value</mrgtype><splttype Sync="TRUE">Default value</splttype><domowner Sync="TRUE"></domowner><domfldtp Sync="TRUE">Integer</domfldtp></stflddd></stfield><stfield><stfldnm Sync="TRUE">mainpath</stfldnm><stflddd><domname Sync="TRUE">MainPath Domain</domname><domdesc Sync="TRUE"></domdesc><domtype Sync="TRUE">Coded Value</domtype><mrgtype Sync="TRUE">Default value</mrgtype><splttype Sync="TRUE">Duplicate</splttype><domowner Sync="TRUE"></domowner><domfldtp Sync="TRUE">Integer</domfldtp></stflddd></stfield><stfield><stfldnm Sync="TRUE">innetwork</stfldnm><stflddd><domname Sync="TRUE">NoYes Domain</domname><domdesc Sync="TRUE"></domdesc><domtype Sync="TRUE">Coded Value</domtype><mrgtype Sync="TRUE">Default value</mrgtype><splttype Sync="TRUE">Duplicate</splttype><domowner Sync="TRUE"></domowner><domfldtp Sync="TRUE">Integer</domfldtp></stflddd></stfield><stfield><stfldnm Sync="TRUE">visibilityfilter</stfldnm><stflddd><domname Sync="TRUE">VisibilityFilter Domain</domname><domdesc Sync="TRUE"></domdesc><domtype Sync="TRUE">Coded Value</domtype><mrgtype Sync="TRUE">Default value</mrgtype><splttype Sync="TRUE">Duplicate</splttype><domowner Sync="TRUE"></domowner><domfldtp Sync="TRUE">Integer</domfldtp></stflddd></stfield><stfield><stfldnm Sync="TRUE">Enabled</stfldnm><stflddv Sync="TRUE">1</stflddv><stflddd><domname Sync="TRUE">EnabledDomain</domname><domdesc Sync="TRUE"></domdesc><domtype Sync="TRUE">Coded Value</domtype><mrgtype Sync="TRUE">Default value</mrgtype><splttype Sync="TRUE">Default value</splttype><domowner Sync="TRUE"></domowner><domfldtp Sync="TRUE">SmallInteger</domfldtp></stflddd></stfield></subtype><attr><attrlabl Sync="TRUE">Shape_Leng</attrlabl><attalias Sync="TRUE">Shape_Leng</attalias><attrtype Sync="TRUE">Double</attrtype><attwidth Sync="TRUE">19</attwidth><atprecis Sync="TRUE">0</atprecis><attscale Sync="TRUE">0</attscale></attr></detailed></eainfo><mdDateSt Sync="TRUE">20221010</mdDateSt></metadata>
